gutenberg_id	bytes	sha256	source_url	repo_path
2365	79749	aa4742e06e092eeb72cb9580c36b70dacf92a70d6737f3cc7bcc3e7c770a3080	https://www.gutenberg.org/cache/epub/2365/pg2365.txt	books_txt/2365.txt
2366	66317	1bca029f3b324b26e04ab6fef600ca3be8fb4328b4fda7c0202756a4f9ebb5cd	https://www.gutenberg.org/cache/epub/2366/pg2366.txt	books_txt/2366.txt
2367	170815	4d28e68e856e454d5bd62d59f464b294c52e44ff88be24fd99e28dfd0faba527	https://www.gutenberg.org/cache/epub/2367/pg2367.txt	books_txt/2367.txt
2368	281161	adaedce6d2ac902ec00ca48bc74b94dffcbf1ccd0aaa560e10504df6e08404ec	https://www.gutenberg.org/cache/epub/2368/pg2368.txt	books_txt/2368.txt
2369	725107	5009d67c621196179db2573f138a468e508a13dbcf8553546255996d2e7ecc8b	https://www.gutenberg.org/cache/epub/2369/pg2369.txt	books_txt/2369.txt
2370	1087049	212b812080896d44db17f8622d7c78fb919962598b6cb65fe58abff8c59b15ce	https://www.gutenberg.org/cache/epub/2370/pg2370.txt	books_txt/2370.txt
2371	528014	4a4f402da5faf20fdbc2e202f3e1f2c5b0a67eb37890463184e92b1c72104721	https://www.gutenberg.org/cache/epub/2371/pg2371.txt	books_txt/2371.txt
2372	395696	573fdc8a3343ab9661d965adf4488104cb093d1488659c814a052bc577490116	https://www.gutenberg.org/cache/epub/2372/pg2372.txt	books_txt/2372.txt
2373	75018	759b85494cdf33d03454b1cdc0d3e06859d64613cb117da93b42e84a4373874f	https://www.gutenberg.org/cache/epub/2373/pg2373.txt	books_txt/2373.txt
2374	597141	29cebe96b6fa3d9baaa17d5952957dd53ca62acc9dac08be36694795d9d2ffbc	https://www.gutenberg.org/cache/epub/2374/pg2374.txt	books_txt/2374.txt
2375	170807	0562ab625447bff594903b443817d0dfe95969ef6242ea8778d3d5a109fa0a43	https://www.gutenberg.org/cache/epub/2375/pg2375.txt	books_txt/2375.txt
2376	449257	084e7f54e60b9ae26ecf2ab23f1789db44d926c3b02106a984f475f9ccc7bdbe	https://www.gutenberg.org/cache/epub/2376/pg2376.txt	books_txt/2376.txt
2377	290986	2f9de640276dd0ded705e32762f5833d9b6cae1f768dc6cb1aec57f72fa904d6	https://www.gutenberg.org/cache/epub/2377/pg2377.txt	books_txt/2377.txt
2378	488465	b464a707fcd81e9dc7c6144a61804ae0378708e8b31a5bdc202bc5905c6e87cf	https://www.gutenberg.org/cache/epub/2378/pg2378.txt	books_txt/2378.txt
2379	168820	d7feea2cbdd0f3fe79aa71dc58a7100fd875f2d7a894959ee030733c888af586	https://www.gutenberg.org/cache/epub/2379/pg2379.txt	books_txt/2379.txt
2380	45574	26e0c3f11fcd67e19f5031a019a3415faa7d59fd61a1ab622f7e2068bdeb3db6	https://www.gutenberg.org/cache/epub/2380/pg2380.txt	books_txt/2380.txt
2381	414664	1b77ceb6b857cf6892a9bee316352e4fcae5b334caf706f0c38c6d060b39fd0b	https://www.gutenberg.org/cache/epub/2381/pg2381.txt	books_txt/2381.txt
2382	106078	9079d4f772b54c913e424b371cd9f546a9857e81785706d330ff87dcb16420c2	https://www.gutenberg.org/cache/epub/2382/pg2382.txt	books_txt/2382.txt
2383	1729267	f09db338d8dce9aacab56b00a340cf14d0d34399cba991bc055e3385ef199709	https://www.gutenberg.org/cache/epub/2383/pg2383.txt	books_txt/2383.txt
2384	773342	a712313081a4bf905fde1cc1e14e12f2ea793f8517e50ab8faa974f35643aff0	https://www.gutenberg.org/cache/epub/2384/pg2384.txt	books_txt/2384.txt
2385	606575	c486576c874be44b7c94241b7b49db7b1d337e29fdcfbb0faa40b6c8f11576bd	https://www.gutenberg.org/cache/epub/2385/pg2385.txt	books_txt/2385.txt
2386	634402	7eb29fc94ac5d106ec247e9076e33dc908b4448484bccc0ac244d02acc4f9e80	https://www.gutenberg.org/cache/epub/2386/pg2386.txt	books_txt/2386.txt
2387	90292	c1169374e7c3f5fdb18e41ea24aad0c474c6b9f735ec6b8b4c6fd8c73983936a	https://www.gutenberg.org/cache/epub/2387/pg2387.txt	books_txt/2387.txt
2388	147501	85b22401a9d256179f9a2e407215eb516da9b8213f23c32e03d66709d839a9e0	https://www.gutenberg.org/cache/epub/2388/pg2388.txt	books_txt/2388.txt
2389	453982	059733e37c87f8f007b5776d2847580ab8e61441b3aa1b27113844d0e8026ffa	https://www.gutenberg.org/cache/epub/2389/pg2389.txt	books_txt/2389.txt
2390	477748	b515dcea2ff5f2ea1ba7dda122cc726b8851dec925cd0788085035b7d9ed44b2	https://www.gutenberg.org/cache/epub/2390/pg2390.txt	books_txt/2390.txt
2391	237721	fe67e922ba988357d10625b8e232ac1ed7d826c0831a6155a92992210a5b1cae	https://www.gutenberg.org/cache/epub/2391/pg2391.txt	books_txt/2391.txt
2392	435812	be6655e39d97d871ec7295ba7a13f1e4c61c5052f4307ba99d5492cdd74708d8	https://www.gutenberg.org/cache/epub/2392/pg2392.txt	books_txt/2392.txt
2393	168234	fc70946cac86cacf737e38993cd25a85aa497df9584e85a154e49b8616398bc7	https://www.gutenberg.org/cache/epub/2393/pg2393.txt	books_txt/2393.txt
2394	511564	4496227f7cd759a5049453d270ca615ce8e8d864e90e7b3490791283e34243b0	https://www.gutenberg.org/cache/epub/2394/pg2394.txt	books_txt/2394.txt
2395	427096	cd8a705a2c501e096ddb5de3d89f9463ea63ff8ce8d6c2c98f73ec5de4f3aa4f	https://www.gutenberg.org/cache/epub/2395/pg2395.txt	books_txt/2395.txt
2396	887242	fceb4b5a72ff4a40b6c83d327f14125c657af5136a1fc076d055f1b4f31b4d77	https://www.gutenberg.org/cache/epub/2396/pg2396.txt	books_txt/2396.txt
2397	774699	b323e81058c4e3b1ec136c6789a1490fc6ca37946ce0e12389f9bc14b829ee9f	https://www.gutenberg.org/cache/epub/2397/pg2397.txt	books_txt/2397.txt
2398	368667	c1251dfde3871acdf539345f55d384c7045b354bc61729db4be8c1a8e3763502	https://www.gutenberg.org/cache/epub/2398/pg2398.txt	books_txt/2398.txt
2399	212826	56b692b57da091d14225e25b4abd9bf7b8a4102710a4bf56642569248db80bc3	https://www.gutenberg.org/cache/epub/2399/pg2399.txt	books_txt/2399.txt
2400	479208	755ebff558856cd1f90da14fd3f8b790ecaa7877e589f1c85115ce59c24b915d	https://www.gutenberg.org/cache/epub/2400/pg2400.txt	books_txt/2400.txt
2401	1233989	b69f962bc73fe2afac853937b6049e41c862b3cab2b567ad45742a4ebfd2b26d	https://www.gutenberg.org/cache/epub/2401/pg2401.txt	books_txt/2401.txt
2402	137799	972f664cf8270e138890f2d0aedc8903a2d9970380481e2276e129bf7babc323	https://www.gutenberg.org/cache/epub/2402/pg2402.txt	books_txt/2402.txt
2403	555695	0b7f135824979c81b9d18e36553eb01143d76e2846133c858fe24af3796f829b	https://www.gutenberg.org/cache/epub/2403/pg2403.txt	books_txt/2403.txt
2404	742616	8d64685ab2307d1427406edff8a008af4fc77b3c2f18d22b3856d71c2b2ba23e	https://www.gutenberg.org/cache/epub/2404/pg2404.txt	books_txt/2404.txt
2405	454716	d680acd00b68416355963514352a6137544f7e0a4f8a270aadb6f3afa7b9f79d	https://www.gutenberg.org/cache/epub/2405/pg2405.txt	books_txt/2405.txt
2406	54164	8216773b5e37c04a6477f78024261a4d75cad76db633082abf5ca97d565461d1	https://www.gutenberg.org/cache/epub/2406/pg2406.txt	books_txt/2406.txt
2407	132843	7fe92c008d4c6ee6885e4050e2d05d8e90c97aa468ea908a4df3dd25b5830265	https://www.gutenberg.org/cache/epub/2407/pg2407.txt	books_txt/2407.txt
2408	157080	d189e13e1dd4d3aac15e01a0bcf9b684956900bf276df7ad572eaefad6def609	https://www.gutenberg.org/cache/epub/2408/pg2408.txt	books_txt/2408.txt
2409	325747	713685aae1e007bfe38f9d4de05083a331e2c259f726ec891048bb8f470200b2	https://www.gutenberg.org/cache/epub/2409/pg2409.txt	books_txt/2409.txt
2410	354225	1c57d6ec93b5a3a752c50681da85ec913b4e4551732ef1e79e98f1a3c365574c	https://www.gutenberg.org/cache/epub/2410/pg2410.txt	books_txt/2410.txt
2411	386860	f470da7a84570018567c0ff400b20a9d1c3ac4da2b7721a3a7e421147a151495	https://www.gutenberg.org/cache/epub/2411/pg2411.txt	books_txt/2411.txt
2412	103373	6f72c36779ee90b0687e2f594cffbc80886d531b8c2043fa88a303ad03a68e54	https://www.gutenberg.org/cache/epub/2412/pg2412.txt	books_txt/2412.txt
2413	694920	c5847f1c60fed60559d9396245a9196b33fed6a4ab58de9b5c7fe5fc4b2f83f8	https://www.gutenberg.org/cache/epub/2413/pg2413.txt	books_txt/2413.txt
2414	265645	1bc9d7ecdb1c9a2bc3a16ac0e9adf464878002dff2850066968d4d1ab93daa73	https://www.gutenberg.org/cache/epub/2414/pg2414.txt	books_txt/2414.txt
2415	667888	467d2f7a3eb68514fbec61a91f776b05b6fae1d643dea39bd56969995b1ce127	https://www.gutenberg.org/cache/epub/2415/pg2415.txt	books_txt/2415.txt
2416	192827	f7a357550ecbc9cd2d7112523d980eb67077bb3ee863597650206d6e6955eed7	https://www.gutenberg.org/cache/epub/2416/pg2416.txt	books_txt/2416.txt
2417	539700	c0532d4c97b3f502f07a92d920d7c6493042e69c821270e1faa0648b41936572	https://www.gutenberg.org/cache/epub/2417/pg2417.txt	books_txt/2417.txt
2418	310507	e6e50e4d4d12b36391d0f0d8814488bd0bf7589bb943d6ee43d7e06851b3f22f	https://www.gutenberg.org/cache/epub/2418/pg2418.txt	books_txt/2418.txt
2419	409473	c5b431d8182f2744566844303c448d1a6078fc110a64f0465b46c21a49f4fab1	https://www.gutenberg.org/cache/epub/2419/pg2419.txt	books_txt/2419.txt
2420	110335	7683ba96e223ac9e83d1b79fd35f6f10c8e8a20951fbb7f423ce9c5363a1b7e6	https://www.gutenberg.org/cache/epub/2420/pg2420.txt	books_txt/2420.txt
2421	129838	ae224dbefd7792641e4b579af7bc8f1df410b966a19292ecbbd7a7731245d7b0	https://www.gutenberg.org/cache/epub/2421/pg2421.txt	books_txt/2421.txt
2422	87989	4be0e89f0f326eabb336755d416cbf04d44d3ff0cf5cf985a2c7be917ab7c0ae	https://www.gutenberg.org/cache/epub/2422/pg2422.txt	books_txt/2422.txt
2423	309273	88e4b898bb80f04af185aba991f8233cf6dda2ee31d0a9ffd4290b56f8a2edcb	https://www.gutenberg.org/cache/epub/2423/pg2423.txt	books_txt/2423.txt
2424	673714	58cebae3149a68b726345588be104d252dc7952df286b0005e5cc57aafc4e175	https://www.gutenberg.org/cache/epub/2424/pg2424.txt	books_txt/2424.txt
2425	97196	62e5e28f15ebbd9e45672f99e53bb2cca2f075c4732ea02c0f4c0841bd0c7f51	https://www.gutenberg.org/cache/epub/2425/pg2425.txt	books_txt/2425.txt
2426	85938	32b663dca0efb56212a011106d13602362c7b22ae14698b9ac33c50278f60384	https://www.gutenberg.org/cache/epub/2426/pg2426.txt	books_txt/2426.txt
2427	150438	77974f9a9e081c98403c72ff280eda332f82301265fbd3ae77326bf11c74d0aa	https://www.gutenberg.org/cache/epub/2427/pg2427.txt	books_txt/2427.txt
2428	288285	69d4df7b856861f78712a9d1f5fbb854939deb39a3fe479a89ff34005c40928a	https://www.gutenberg.org/cache/epub/2428/pg2428.txt	books_txt/2428.txt
2429	252864	1ffdf4b6e733fca15f7c4c57c409a6db4eb33129e8ff9a8f3dcc2867836b8c7d	https://www.gutenberg.org/cache/epub/2429/pg2429.txt	books_txt/2429.txt
2430	156473	6385908bbaef09df9878c0706a5f6845ffbf993e5a116c10044104e8c8c9502d	https://www.gutenberg.org/cache/epub/2430/pg2430.txt	books_txt/2430.txt
2431	146337	36fde3de86ea071ae87622f18b8f843c959488a8f1db1593021667677c950535	https://www.gutenberg.org/cache/epub/2431/pg2431.txt	books_txt/2431.txt
2432	1123622	0b47eda8edc7be2ee732caa94769b98fd7499e5710f156e28002d8014690398d	https://www.gutenberg.org/cache/epub/2432/pg2432.txt	books_txt/2432.txt
2433	1034958	da92a3a9cfc8af2aa6403b28453d2c9a06fd992313ec32b4aa0ecae2730ddfbd	https://www.gutenberg.org/cache/epub/2433/pg2433.txt	books_txt/2433.txt
2434	107696	9f65fa73f8c8aebd15b6e4decdd6708a1fb1a4b4c07ab351a3ddf218f2fa31d0	https://www.gutenberg.org/cache/epub/2434/pg2434.txt	books_txt/2434.txt
2435	545180	3240a7b006859011c9c4144704ae1ef708121866a4d071fc7b7152f93de6776f	https://www.gutenberg.org/cache/epub/2435/pg2435.txt	books_txt/2435.txt
2436	95667	cbb1d0d7143878b1e27e8b5f59f8d18c3ec8fea8697b2f0a2e6765c691da4bdd	https://www.gutenberg.org/cache/epub/2436/pg2436.txt	books_txt/2436.txt
2437	418720	f32c99b632a07b2409aeacbb014a8dcaf88f9dd49d6fcd6fd065c644d8b7a2a5	https://www.gutenberg.org/cache/epub/2437/pg2437.txt	books_txt/2437.txt
2438	154923	2346dea20a921b942a649ab581d0589816f7ff09592c0a620c20cc0238a37bd6	https://www.gutenberg.org/cache/epub/2438/pg2438.txt	books_txt/2438.txt
2439	1374389	08638477cca6c33fcc52b84e3a2a45a65fa383f96781b5bd5c4505cec053bc70	https://www.gutenberg.org/cache/epub/2439/pg2439.txt	books_txt/2439.txt
2440	1050109	1b9ce2135d9624eea8f27e9a6cd631bf0d9d6df009ae782941c74cf5f03d3c26	https://www.gutenberg.org/cache/epub/2440/pg2440.txt	books_txt/2440.txt
2441	446159	81edee6e3acfff502c80ce93ba45e2eb20487919707ae469db76ac97cbc3c5c7	https://www.gutenberg.org/cache/epub/2441/pg2441.txt	books_txt/2441.txt
2442	542399	d27f0bd334c3b0e74fb84b27fd8f5588bb582300174dfa8b4ef618c383d7960d	https://www.gutenberg.org/cache/epub/2442/pg2442.txt	books_txt/2442.txt
2443	1530495	b9a7097691f016d07f14af7fbeb010cb14306730177c92aba50f47c2f1e152b2	https://www.gutenberg.org/cache/epub/2443/pg2443.txt	books_txt/2443.txt
2444	211001	1aec11dacf95b7ad61427b490dad6c7283965a21ce7b7bbb0809e9f638d2366e	https://www.gutenberg.org/cache/epub/2444/pg2444.txt	books_txt/2444.txt
2445	240730	a4c828873c269fdde3d05b0df0c9f2644ae83f99c82a01b6343fa818e237cd31	https://www.gutenberg.org/cache/epub/2445/pg2445.txt	books_txt/2445.txt
2446	204047	a38988e897a473218fec4eb96f7d551e03ad68fba12a24be9299b562a980fa92	https://www.gutenberg.org/cache/epub/2446/pg2446.txt	books_txt/2446.txt
2447	604985	8788cb21148f1306aa6d6855f9cd563ff0fdcbb79f9da0f8fae9d3a0d39211e6	https://www.gutenberg.org/cache/epub/2447/pg2447.txt	books_txt/2447.txt
2448	576890	2bb7f4dc1c087f8d3a5a2657eec4e65e017db2657b7f48ca79d01e0228940f24	https://www.gutenberg.org/cache/epub/2448/pg2448.txt	books_txt/2448.txt
2449	765083	4601269e0899582836bf617577eab8de2062ea5590ec016a468ffb85b4bfb3fa	https://www.gutenberg.org/cache/epub/2449/pg2449.txt	books_txt/2449.txt
2450	185812	0def2863234e0eb47f61c5ede18943cd32474ef8a1fc3d6d077ce56ef1545caa	https://www.gutenberg.org/cache/epub/2450/pg2450.txt	books_txt/2450.txt
2451	612126	78036d48adf3082de1b69d83e669ab482259adda6c5f9f3d7fb77d366062267b	https://www.gutenberg.org/cache/epub/2451/pg2451.txt	books_txt/2451.txt
2452	651342	54bc8f13585d6f3cbc83317bfe20c85808364c8f7e8d3031c5ff8bb6700ec5d1	https://www.gutenberg.org/cache/epub/2452/pg2452.txt	books_txt/2452.txt
2453	684094	24f139772a8e0b96aeab7831bbf0442bfa399bab0d26c055f05fca1cc59b7fee	https://www.gutenberg.org/cache/epub/2453/pg2453.txt	books_txt/2453.txt
2454	535180	3da94e87945816c1ddb764ab0c1ca2eb7af1080c28e79abb6790ac519c86ac43	https://www.gutenberg.org/cache/epub/2454/pg2454.txt	books_txt/2454.txt
2455	916200	9d7a815fed922fe8d3c68f5c7c23fae5eb88e94ad3fe71c095f0a325ede97e4a	https://www.gutenberg.org/cache/epub/2455/pg2455.txt	books_txt/2455.txt
2456	856296	7b28f25dbed0064cd8f66c662eaa776cccd535cdeb6e3ff94c37dd1cc2a752db	https://www.gutenberg.org/cache/epub/2456/pg2456.txt	books_txt/2456.txt
2457	238778	35e6746b604c04bec213673d8d6e061eb2cf0c4f5fa76ec39ab0e9d7b5be0442	https://www.gutenberg.org/cache/epub/2457/pg2457.txt	books_txt/2457.txt
2458	226273	bdc65d5853e67873c1fca7d77e0d5ceb6fbf059604cc0fe6e72d58b7d9317704	https://www.gutenberg.org/cache/epub/2458/pg2458.txt	books_txt/2458.txt
2459	483088	2c5e62f3b43572d1731af1922ce938e6d77ebb7c9f1307504f23709789be06ba	https://www.gutenberg.org/cache/epub/2459/pg2459.txt	books_txt/2459.txt
2460	106520	b78fab1bbbcb21cd775b3edb121054a9abb1ce0acf25be8d9b42a0b0b6806516	https://www.gutenberg.org/cache/epub/2460/pg2460.txt	books_txt/2460.txt
2461	120102	c179e121bdfe1f848dc30979fd40061008c99f1eeff31164fdfecf6f82b9d304	https://www.gutenberg.org/cache/epub/2461/pg2461.txt	books_txt/2461.txt
2462	458710	853cda39f6e2bbbfd5bfeb02bb60a8cb362da4566fae2c3d9b722cd2fda94219	https://www.gutenberg.org/cache/epub/2462/pg2462.txt	books_txt/2462.txt
2463	510745	2ad3435d20a36e5d4cf00c3ce7da901fa92d89208590d5bf16530744f7208ceb	https://www.gutenberg.org/cache/epub/2463/pg2463.txt	books_txt/2463.txt
2464	974527	9bab21d44264c668e44a9c51abfd4ab6e15a4544fe361f32672a821bc5c1fe5f	https://www.gutenberg.org/cache/epub/2464/pg2464.txt	books_txt/2464.txt
2465	154146	30d6649b7c85c3c0079143faa1863ba83261fd5244eff038df79df024cd23d49	https://www.gutenberg.org/cache/epub/2465/pg2465.txt	books_txt/2465.txt
2466	591521	18db497c4939f596af0e07f2797c7e0976695cf6eaf2a0fdc29ce8a6385312c9	https://www.gutenberg.org/cache/epub/2466/pg2466.txt	books_txt/2466.txt
2467	147154	634f4afedfdb22afbdeec0b80cbcfaa9f98201714ecd245c4ebfd5c793069130	https://www.gutenberg.org/cache/epub/2467/pg2467.txt	books_txt/2467.txt
2468	555736	c88aacb621f5afedc70031d9d64b7382b4e95c60db8d16a549c9a66fd480cc60	https://www.gutenberg.org/cache/epub/2468/pg2468.txt	books_txt/2468.txt
2469	20071	da09b57a5d8387fbb6d6f77f10bf0944eebd1125c92340e0eb9c44443fef9f0f	https://www.gutenberg.org/cache/epub/2469/pg2469.txt	books_txt/2469.txt
2470	440303	0a7fd7bbfa4991a41a22f1f6577b2dedecd865a9b1b5519b3d24f0831098b4d4	https://www.gutenberg.org/cache/epub/2470/pg2470.txt	books_txt/2470.txt
2471	446768	be9b6439b1a00661c552577ef9df53bef89e8a4e6bb1adac1a8b98a1e2bc0a05	https://www.gutenberg.org/cache/epub/2471/pg2471.txt	books_txt/2471.txt
2472	706435	d11d9cfa8f0f5f36439eb69be8d9d451a494062ed174b4046e596130894bd5c8	https://www.gutenberg.org/cache/epub/2472/pg2472.txt	books_txt/2472.txt
2473	688283	f29a7e545b92f65cdef59fa140e4ed83fed568002c4305796892f342ab4422d7	https://www.gutenberg.org/cache/epub/2473/pg2473.txt	books_txt/2473.txt
2474	303140	09abf4de38f2a5278067f251a4d5006ac711fc278c36ce1930e9309ccc000471	https://www.gutenberg.org/cache/epub/2474/pg2474.txt	books_txt/2474.txt
2475	292282	c1a14566f415e6bdf889f76e9460f1055f92b53348190138b5ed9381c06ed164	https://www.gutenberg.org/cache/epub/2475/pg2475.txt	books_txt/2475.txt
2476	293699	06d23a418e8502a64c7f2a49a3535035e4514188237fb2203a08399fc43b5efe	https://www.gutenberg.org/cache/epub/2476/pg2476.txt	books_txt/2476.txt
2477	283392	3e25c8767b5b08d2e8868e9ba540d65c5d12fba6db2694653fbd9403383eacc3	https://www.gutenberg.org/cache/epub/2477/pg2477.txt	books_txt/2477.txt
2478	290959	d71755cb6d93346cd4757bacbddd157396470a25f4af2db719acab3578f255b1	https://www.gutenberg.org/cache/epub/2478/pg2478.txt	books_txt/2478.txt
2479	343874	ccd0560b54d7ffc2c870ceca01e65fec151a02100c873c633146453409f2e469	https://www.gutenberg.org/cache/epub/2479/pg2479.txt	books_txt/2479.txt
2480	676958	0e4d51c89f79dc9358a1870afa38f6d677ed886da868573d1bc150431bad21a4	https://www.gutenberg.org/cache/epub/2480/pg2480.txt	books_txt/2480.txt
2481	1829657	0388803b797e0db3dc5da25e48f2354fc97dd057fec500412be90f69f4fe400a	https://www.gutenberg.org/cache/epub/2481/pg2481.txt	books_txt/2481.txt
2482	93277	994b5796eec6d0dd867333da55cabff5a6a30aafe8e6a2396d7ae8bc4d11a471	https://www.gutenberg.org/cache/epub/2482/pg2482.txt	books_txt/2482.txt
2483	386249	c8a111a996ed690ae0a4a5eadb3fe8cdbb76f3e018886c811f40706d2ebc94f8	https://www.gutenberg.org/cache/epub/2483/pg2483.txt	books_txt/2483.txt
2484	846839	24c512032b8d49aad6eb0be8b20021d121fcbf458d00a6a28155141fb05d824a	https://www.gutenberg.org/cache/epub/2484/pg2484.txt	books_txt/2484.txt
2485	345294	b916c144ea9ec5fd2e04e393015ede79ac54c6691d4e37df555c7a97a3d663f2	https://www.gutenberg.org/cache/epub/2485/pg2485.txt	books_txt/2485.txt
2486	144494	f0633bbd9fe802ca9f36732156ef3f01a43c80545f6e0ac7485332f9ca2b0312	https://www.gutenberg.org/cache/epub/2486/pg2486.txt	books_txt/2486.txt
2487	165405	d9c5cf040e2a54886f56c3c40ddc495b5a09be718a1c9275607e8d20ce750b14	https://www.gutenberg.org/cache/epub/2487/pg2487.txt	books_txt/2487.txt
2488	899179	d0da5097a8a086289c8ace755e04e99c69c51aaf2e7b79ca4f4f7773449f8dd0	https://www.gutenberg.org/cache/epub/2488/pg2488.txt	books_txt/2488.txt
2489	1260423	a42ef6bb1aae32f599d7a152095b2751d9ae9df9ea373af0b64148431382dd35	https://www.gutenberg.org/cache/epub/2489/pg2489.txt	books_txt/2489.txt
2490	55169	cfc82e35838760068d64119befc1d1e12f31bffb1b3804a41a3eaad3e595207f	https://www.gutenberg.org/cache/epub/2490/pg2490.txt	books_txt/2490.txt
2491	168174	51c3e736c9bd337ab519ac8802a74c54b09c3c9660dc68d66d03d2fd9ddaf71b	https://www.gutenberg.org/cache/epub/2491/pg2491.txt	books_txt/2491.txt
2492	333422	7dff479a343ac215d547565402f381856b9b0e31f34ab470fe2eb22d57aa545f	https://www.gutenberg.org/cache/epub/2492/pg2492.txt	books_txt/2492.txt
2493	104423	77ccf5a1616d2c4142779c984df6a7d9053fc0d2bb4114cd1690dde405beca66	https://www.gutenberg.org/cache/epub/2493/pg2493.txt	books_txt/2493.txt
2494	137719	ea4b9fd86bf7dc7bca7906241c3ab820fa3f738fca9862ddcfbcb8639396bbe1	https://www.gutenberg.org/cache/epub/2494/pg2494.txt	books_txt/2494.txt
2495	315544	6739083dcdfbece98e5cc0105e0b15c5d2942b47fd7dc0f6f899510997aaf0b6	https://www.gutenberg.org/cache/epub/2495/pg2495.txt	books_txt/2495.txt
2496	318281	8f656c040753b0bb60b57627cb8094a9957647b9948b18d1489b1a272ac71412	https://www.gutenberg.org/cache/epub/2496/pg2496.txt	books_txt/2496.txt
2497	1174036	cd39c7a7ff42cec9d94e09f5ff7d44d5823f4d3a239390cbc4cc790b82ffc0b7	https://www.gutenberg.org/cache/epub/2497/pg2497.txt	books_txt/2497.txt
2498	205488	91c922309141f522c92117be7938fdbec62d88713ee30d369b79e9048e8ff8e1	https://www.gutenberg.org/cache/epub/2498/pg2498.txt	books_txt/2498.txt
2499	240238	4abd9cdc1e98e880229eab7a4b565e8867b0438b007117780078626e8a200102	https://www.gutenberg.org/cache/epub/2499/pg2499.txt	books_txt/2499.txt
2500	242505	345b21d95cb61c0756d482230ae4cb8c1858a0cef1835e1ba89d18cd471343a3	https://www.gutenberg.org/cache/epub/2500/pg2500.txt	books_txt/2500.txt
2501	964405	0f496efb3e51e619b17088aa70cbba929e1a884c73daf413e732135c4c5bbafd	https://www.gutenberg.org/cache/epub/2501/pg2501.txt	books_txt/2501.txt
2502	62243	2ff1202ebebc1681ea3850122dfc2548185ee41b8acbd4620506bea40f8be39e	https://www.gutenberg.org/cache/epub/2502/pg2502.txt	books_txt/2502.txt
2503	199425	d78d69f694151ec604051c7dcebe8e57bcb572521940cc402a2eeeefd8bdcb54	https://www.gutenberg.org/cache/epub/2503/pg2503.txt	books_txt/2503.txt
2504	75932	61cb975bdfd67269afad573de097d404dc97e6e2eb86c4ad22199efb11b27dd2	https://www.gutenberg.org/cache/epub/2504/pg2504.txt	books_txt/2504.txt
2505	1359852	e5ab928407d2b1dae2685f432b2377420a4b10ca004fb6009cc967911fe62433	https://www.gutenberg.org/cache/epub/2505/pg2505.txt	books_txt/2505.txt
2506	68122	9b73542586051da919b1bd26d0b02fb2e1c3f0f210263af3141b4f9eb7e11dc3	https://www.gutenberg.org/cache/epub/2506/pg2506.txt	books_txt/2506.txt
2507	382914	e2e147232b84b69f4d690322299eded327df7b4328e69a7c59a86e66ba045cea	https://www.gutenberg.org/cache/epub/2507/pg2507.txt	books_txt/2507.txt
2508	367528	49bc4863265fbedf52ad41b5e8cb00580ae96ac5a45731134c64d1b67adbc31f	https://www.gutenberg.org/cache/epub/2508/pg2508.txt	books_txt/2508.txt
2509	380945	6988c6ef7a7df37eb9d438b63a7333b6e4f7a977db885537f98825df4b6d587c	https://www.gutenberg.org/cache/epub/2509/pg2509.txt	books_txt/2509.txt
2510	51125	cc09041d33252b0518a591cd57d1f6740fa28bb30301ac4a39f8648d85c42aab	https://www.gutenberg.org/cache/epub/2510/pg2510.txt	books_txt/2510.txt
2511	1087261	cfb9b1d3ea2c3f6927d37e9a5ba937ec7c117455d26d7e65890f27d0c765c6f4	https://www.gutenberg.org/cache/epub/2511/pg2511.txt	books_txt/2511.txt
2512	469890	1db4554a4f3c86137d21b1d5e88a89d907751411896b83db67bd7e78f86adeae	https://www.gutenberg.org/cache/epub/2512/pg2512.txt	books_txt/2512.txt
2513	112016	ebfe5d7f1bdb47793eb5e3556dc8e0d03b21e9643fee2e6f7850b06ee422533c	https://www.gutenberg.org/cache/epub/2513/pg2513.txt	books_txt/2513.txt
2514	1060802	15932745f4aee822ee5bf0ff2916952f838af3eba32eccd5e2632c0f5741f7a5	https://www.gutenberg.org/cache/epub/2514/pg2514.txt	books_txt/2514.txt
2515	529373	4d59d845f150ce594ec86b2aeb0be3f570c7cb8fa5f9bcb822c4f6c82fb4942b	https://www.gutenberg.org/cache/epub/2515/pg2515.txt	books_txt/2515.txt
2516	1114775	153318dbee3618372fb373c81ecb15833fbb4826ec7eb9462400289e6aeb9f66	https://www.gutenberg.org/cache/epub/2516/pg2516.txt	books_txt/2516.txt
2517	817038	9252cfa9d8df1e8bdf23a65522cc224b051ab9073a20faeb07ddbc1a686c1869	https://www.gutenberg.org/cache/epub/2517/pg2517.txt	books_txt/2517.txt
2518	288301	b998f1c836608d9c524da499f05b0e699103f8a9d28cceb3c57b0c4211340b10	https://www.gutenberg.org/cache/epub/2518/pg2518.txt	books_txt/2518.txt
2519	794686	ba434017a08a3d15f50f72d7384d6dd1136013e7a5e238277b04a0b44591e730	https://www.gutenberg.org/cache/epub/2519/pg2519.txt	books_txt/2519.txt
2520	597340	3d9ddb451ce91338a396cfaf24c09c2f3b4f361f47540f11b56ba2bc98c8441b	https://www.gutenberg.org/cache/epub/2520/pg2520.txt	books_txt/2520.txt
2521	89979	14b192d5add2c09652e1efe742794fbe14a48167df259b24cbb6887a0c89bb3c	https://www.gutenberg.org/cache/epub/2521/pg2521.txt	books_txt/2521.txt
2522	398542	880044e81ecbe999da32628858ffeefd315e0ab00d5ee3b97b00426a5d5b817b	https://www.gutenberg.org/cache/epub/2522/pg2522.txt	books_txt/2522.txt
2523	476525	709d26ad28b2f93e74eaab8e2533a959978d46c2369934b88e969986f6913038	https://www.gutenberg.org/cache/epub/2523/pg2523.txt	books_txt/2523.txt
2524	449107	bddcca4dc777e1b48652c5d5d1c1150bc68b02c8fc24ca01ba9898abfab2ea80	https://www.gutenberg.org/cache/epub/2524/pg2524.txt	books_txt/2524.txt
2525	150941	9fe3ac669e22847b2840b1e81130eb96e587e2b87313fb4a60eb2e95ba11c6d1	https://www.gutenberg.org/cache/epub/2525/pg2525.txt	books_txt/2525.txt
2526	200113	8993f37c71c83095c46f3355aa4c9350838b1043edf443f9653f48cd157e88f5	https://www.gutenberg.org/cache/epub/2526/pg2526.txt	books_txt/2526.txt
2527	259618	d3d603003a385308491ec2c7235db9695a4d7d35251c97d509ca2f976fae5ec0	https://www.gutenberg.org/cache/epub/2527/pg2527.txt	books_txt/2527.txt
2528	562469	f4ab7e4062d0c989cdd89f09d6c6e80398f7aeb0ce1635135e10fdf844bdd3c4	https://www.gutenberg.org/cache/epub/2528/pg2528.txt	books_txt/2528.txt
2529	549282	35516b0cbfd35f872976ea4f795f06b11979970b3619286fac9fcb3601b6364d	https://www.gutenberg.org/cache/epub/2529/pg2529.txt	books_txt/2529.txt
2530	676092	d4b343bde8af87ea34810f86d64743f0d75de78617ab12fe95e04157a7efa206	https://www.gutenberg.org/cache/epub/2530/pg2530.txt	books_txt/2530.txt
2531	57427	ed8fa28e3a5257ea099748ebd8928ff835c6bf906ae95d43515012eb0ff0976c	https://www.gutenberg.org/cache/epub/2531/pg2531.txt	books_txt/2531.txt
2532	47472	edbb625098ed2e3ede026dda4a1cb809f3a7dec13b7d630266a2ee3ec676ffde	https://www.gutenberg.org/cache/epub/2532/pg2532.txt	books_txt/2532.txt
2533	845629	a4060cb21925287986c6da8699187074649508ee1c5c8b1b889ba2a5143c8801	https://www.gutenberg.org/cache/epub/2533/pg2533.txt	books_txt/2533.txt
2534	125335	545721bdc9ffbe6bc971048c7e6001480f6e6024dec689493b0b3a7a405275bd	https://www.gutenberg.org/cache/epub/2534/pg2534.txt	books_txt/2534.txt
2535	385345	628934b1ddc49442271ade53067ac6f865784439a692b9c6e5b73fdff2d1f206	https://www.gutenberg.org/cache/epub/2535/pg2535.txt	books_txt/2535.txt
2536	105104	777d0a9b344be67474f572bbaf61d2fc5d22e2e8176d4fc0d0bbe23a06145109	https://www.gutenberg.org/cache/epub/2536/pg2536.txt	books_txt/2536.txt
2537	280554	397ba0eb5a1ff3e60c2dfc9ad25b6046c80bb6cc7ba5a5436f1aecd96629c8b2	https://www.gutenberg.org/cache/epub/2537/pg2537.txt	books_txt/2537.txt
2538	73418	6d78316749b65bae2405682a2ff3c69ce20513e3c0a4160f4152129a79bd3738	https://www.gutenberg.org/cache/epub/2538/pg2538.txt	books_txt/2538.txt
2539	649892	e21bd0c2ae412233fce5e7323aaa13350a71d61d9dc31cb055ccbbc83c182adc	https://www.gutenberg.org/cache/epub/2539/pg2539.txt	books_txt/2539.txt
2540	473150	af3b8d876d6feb67f35ddc76e40f5a9433283d008e205b9eec40f54d38f0e513	https://www.gutenberg.org/cache/epub/2540/pg2540.txt	books_txt/2540.txt
2541	723012	2ff38cd0bd937a3062cc52017581346b4df86b57573b46b788beb6cc341906f1	https://www.gutenberg.org/cache/epub/2541/pg2541.txt	books_txt/2541.txt
2542	169080	d72a481b08ca7ace73e8ca2087b2baec29fc00e0d6e493f5e877b12116bccf4f	https://www.gutenberg.org/cache/epub/2542/pg2542.txt	books_txt/2542.txt
2543	120958	5c66da3c46196cf130e6d19ac6ae8c6f18f8bb66bde12d125274bace87b31ce5	https://www.gutenberg.org/cache/epub/2543/pg2543.txt	books_txt/2543.txt
2544	377530	3ebfeeb4555dce26cf3d4e45688159beded7480dba7a46582d2e39b42ebef17f	https://www.gutenberg.org/cache/epub/2544/pg2544.txt	books_txt/2544.txt
2545	311931	c01c7ee152730ad07ecafd5940bef921934f80db8ac2d851518fa4acbb036cd9	https://www.gutenberg.org/cache/epub/2545/pg2545.txt	books_txt/2545.txt
2546	396507	6cf9f5509d61748612e91e5efc64481c08e1d36e4981921183613cacca334eb4	https://www.gutenberg.org/cache/epub/2546/pg2546.txt	books_txt/2546.txt
2547	120238	6c633b28ff64cdaec09c8acbd0523ef59c5c6b9d320df36aba2c4dd6b6c329da	https://www.gutenberg.org/cache/epub/2547/pg2547.txt	books_txt/2547.txt
2548	146580	768f5a36f075e892e4321d683876d4ad2505c5c093a95c557a0677bf8f4b65fc	https://www.gutenberg.org/cache/epub/2548/pg2548.txt	books_txt/2548.txt
2549	102816	91e0fcf85d6d88351472ed10518fd2e2a6291d96924366bdccc3d2d8a90dbd7b	https://www.gutenberg.org/cache/epub/2549/pg2549.txt	books_txt/2549.txt
2550	405120	b96a5bf20a0f1582711c099b37c4e40b62948965e262f27ffd3f11127fde25ac	https://www.gutenberg.org/cache/epub/2550/pg2550.txt	books_txt/2550.txt
2551	326577	df9eeb7f7d29083bc9fa3c549d041d5e4272692a25a40d52c7ad79c5079687ea	https://www.gutenberg.org/cache/epub/2551/pg2551.txt	books_txt/2551.txt
2552	642694	9136aa64e8d02cc2b779f6e6b0c903983a33c21c97a62ab8dd56c89c61fc1ecf	https://www.gutenberg.org/cache/epub/2552/pg2552.txt	books_txt/2552.txt
2553	653991	027d4e9f67a75360ff8035ac1210ae21af9cb484f586641794d76209aebe8df7	https://www.gutenberg.org/cache/epub/2553/pg2553.txt	books_txt/2553.txt
2554	1201725	d139120965c81f10e3f747d891a49babdb49d986b25f7ab25299b1bbf4731146	https://www.gutenberg.org/cache/epub/2554/pg2554.txt	books_txt/2554.txt
2555	393394	714e3b01fdef7eee84b51502a39229c4ad6a6b119ea6180727231794da363848	https://www.gutenberg.org/cache/epub/2555/pg2555.txt	books_txt/2555.txt
2556	332353	08faa3b2b6660c1eca42a739dd64ca80d5fd354f2ca8e0bbc6af199c4aefa8dd	https://www.gutenberg.org/cache/epub/2556/pg2556.txt	books_txt/2556.txt
2557	114538	bb67bed58efee7bf669326592b2b85ed9dd3c377baa4ae6cabbb7d19abf06c36	https://www.gutenberg.org/cache/epub/2557/pg2557.txt	books_txt/2557.txt
2558	322528	2f02c62015749497047c2898e36a4d476cad86b7c7ea4d0998b2a3fbf2a1ad59	https://www.gutenberg.org/cache/epub/2558/pg2558.txt	books_txt/2558.txt
2559	733303	84d8a92b42a2bba070f4f3f6b283dafb1986452c29c2752039495b9b5f2dd207	https://www.gutenberg.org/cache/epub/2559/pg2559.txt	books_txt/2559.txt
2560	393532	f321b45aed3ee0622a149c27755ff8da9038a2228828b326cfa77f75d37a6470	https://www.gutenberg.org/cache/epub/2560/pg2560.txt	books_txt/2560.txt
2561	1227497	5596e6db2d71f84a3a3db8b2b6e6e8e582945e6a1b3847bfe2f78699d72ab002	https://www.gutenberg.org/cache/epub/2561/pg2561.txt	books_txt/2561.txt
2562	115837	2b15f130307fd36e4051b3837748560a4cf8611e2df39939eb2ff0f55c284150	https://www.gutenberg.org/cache/epub/2562/pg2562.txt	books_txt/2562.txt
2563	953002	fd9db040ce9c34d8db844aa10342b5f589ecf47014b2d71fdeeecb9833a779bc	https://www.gutenberg.org/cache/epub/2563/pg2563.txt	books_txt/2563.txt
2564	346921	af200f43eb0a6e12821d01820ded232be01dab2bcfcd5b90be56e0c30b407250	https://www.gutenberg.org/cache/epub/2564/pg2564.txt	books_txt/2564.txt
2565	270042	d6bca0115f901d902f79be149f13cfaa87fec5da69b63916e353905cffa3a680	https://www.gutenberg.org/cache/epub/2565/pg2565.txt	books_txt/2565.txt
2566	73816	13bfe05dfee2858a71ca53e7d8e8de2c1df90c54150cbed45932ef7f369ebe64	https://www.gutenberg.org/cache/epub/2566/pg2566.txt	books_txt/2566.txt
2567	71457	6df8972d07a0641c4a8de4b8826870306eccfcf80536d80969c36c4074c1602b	https://www.gutenberg.org/cache/epub/2567/pg2567.txt	books_txt/2567.txt
2568	439240	98d152d26b98abc25f4b8d666f6a8f45283d75b8f715c04d7d4b0dd8f6e39f3f	https://www.gutenberg.org/cache/epub/2568/pg2568.txt	books_txt/2568.txt
2569	638299	d2af4d46cd29abb6f028765f386a52ad1858db3f1787435938cc7de61ebfede0	https://www.gutenberg.org/cache/epub/2569/pg2569.txt	books_txt/2569.txt
2570	219207	b9b07db65aa86298af5fbd9cd3d3b9b2186b491c9dae96458ef14ca5d77514a9	https://www.gutenberg.org/cache/epub/2570/pg2570.txt	books_txt/2570.txt
2571	113041	2f6553d461c9c9b6dbb0ce9b775a5d48743af519c088d0421cf321385e4f0847	https://www.gutenberg.org/cache/epub/2571/pg2571.txt	books_txt/2571.txt
2572	32631	80268d7cd74a152d3aa993edc1a7a7acc1904a1de174b223fbac26e87c5f106e	https://www.gutenberg.org/cache/epub/2572/pg2572.txt	books_txt/2572.txt
2573	630408	4f25a211a0a295a4a5b54c92242c37ed26247349fff6803f4d4139eba685fa19	https://www.gutenberg.org/cache/epub/2573/pg2573.txt	books_txt/2573.txt
2574	280918	7b73a9ff83aeb6a751eeeea2a0a115dbc4b5d2d9e5ab47dcba0c548afa9c1b25	https://www.gutenberg.org/cache/epub/2574/pg2574.txt	books_txt/2574.txt
2575	284473	8556dfeb00c71d2775e1fe539eb33305741a3b63873b835c52cc806f14597c19	https://www.gutenberg.org/cache/epub/2575/pg2575.txt	books_txt/2575.txt
2576	520141	699bbe9d4bc5da52a71bc1a48f6122397516925650385e8130d46921980ae367	https://www.gutenberg.org/cache/epub/2576/pg2576.txt	books_txt/2576.txt
2577	1153149	9bd1ed8c258aea86335e03b3bd25c31cfc25efb0bcbe7ef71cd0f49df8a60139	https://www.gutenberg.org/cache/epub/2577/pg2577.txt	books_txt/2577.txt
2578	975953	1bab70354969770c61fe8323f5016112f21199004324084d9867ddc146c51331	https://www.gutenberg.org/cache/epub/2578/pg2578.txt	books_txt/2578.txt
2579	1088425	7ce0828c2327abf6e4318fa33351aaafcdc571f7d16f91812927ffe23b37da6f	https://www.gutenberg.org/cache/epub/2579/pg2579.txt	books_txt/2579.txt
2580	1439453	86f6d9610ee55351b6c221411ed9da9c720abe7c521cefe62ad3041c9b9547c5	https://www.gutenberg.org/cache/epub/2580/pg2580.txt	books_txt/2580.txt
2581	970754	dcefe2a7d01c207a1e854a65b2ffe2abf9b304a02170e659a06f6ca3cfa08250	https://www.gutenberg.org/cache/epub/2581/pg2581.txt	books_txt/2581.txt
2582	691708	c7aece5db7c154a86361d540ff47396ec5ccd3f2c9e44e5b5bf864bb20f7853f	https://www.gutenberg.org/cache/epub/2582/pg2582.txt	books_txt/2582.txt
2583	1027327	52900babe3f51f835d2b03791c8cd9a7df4c2b840f604a2952946cb6c30d1136	https://www.gutenberg.org/cache/epub/2583/pg2583.txt	books_txt/2583.txt
2584	590300	5d487e7c63dc4e4ae20b819dfa4319654a37dc999df5c29d361a9012562e3316	https://www.gutenberg.org/cache/epub/2584/pg2584.txt	books_txt/2584.txt
2585	131963	f8aa6f0039486dbf2697dc64d1709e28019d44f23fc842ad4908cbeafb5a5d3e	https://www.gutenberg.org/cache/epub/2585/pg2585.txt	books_txt/2585.txt
2586	107834	1125f1f8bc81b8806680fa2c57a17db80af652168e8d07e53141458188206cdc	https://www.gutenberg.org/cache/epub/2586/pg2586.txt	books_txt/2586.txt
2587	135682	860b5c1ff87a8895ec665737340bec2cc0a1973860b37edc7edc81b39ee262ea	https://www.gutenberg.org/cache/epub/2587/pg2587.txt	books_txt/2587.txt
2588	248146	f24a2f826f81c4ee7f93ad77b403594ddcd15a73f559189bcb629090523427bc	https://www.gutenberg.org/cache/epub/2588/pg2588.txt	books_txt/2588.txt
2589	33824	6a16f8d2060fc30319dccdd8c7be95baf7b16a455f63c8f5f3b2699074923d32	https://www.gutenberg.org/cache/epub/2589/pg2589.txt	books_txt/2589.txt
2590	1038156	faabd24742b9d6edc578527bdaadcef238a4c818309e0030b66ae00ed29abb60	https://www.gutenberg.org/cache/epub/2590/pg2590.txt	books_txt/2590.txt
2591	560165	bd62b1bda98393716fcb8632f072c2a38c73827674efb7559c48e2186e139053	https://www.gutenberg.org/cache/epub/2591/pg2591.txt	books_txt/2591.txt
2592	53519	8078d2c318dc12d176197aa64356028f37e6fd6fc437765bf461bc34f4b3d3a4	https://www.gutenberg.org/cache/epub/2592/pg2592.txt	books_txt/2592.txt
2593	352379	9adc13296225331d57d5d4274cf5fb6c9cde45e59ede92e6933e0f1b8825a878	https://www.gutenberg.org/cache/epub/2593/pg2593.txt	books_txt/2593.txt
2594	749926	aeb37c7e3f84d0e66427de59f535da09c17e22990793dad663ba6acf2f9fb8b5	https://www.gutenberg.org/cache/epub/2594/pg2594.txt	books_txt/2594.txt
2595	255777	104789d928b3031f85531a00e56376b975d71b748750b02eb5d89fa6b99fb049	https://www.gutenberg.org/cache/epub/2595/pg2595.txt	books_txt/2595.txt
2596	577857	c96f2feb1607442fab5595e96556c3ef6d9cbf2e21d9b6267fa37c9fc15d5738	https://www.gutenberg.org/cache/epub/2596/pg2596.txt	books_txt/2596.txt
2597	253280	46d9c2080597af3ed6c600ed542e67bd012e584bd6a5fb1f117ed08c1199b079	https://www.gutenberg.org/cache/epub/2597/pg2597.txt	books_txt/2597.txt
2598	136912	5e81d427dda582e9fb75bbf7ac2db925773ff10b420816679494f52e6933a0f2	https://www.gutenberg.org/cache/epub/2598/pg2598.txt	books_txt/2598.txt
2599	120411	3d3e2f885cf2572a5783f2fd5245bb77db69d80e764bc48758fec1ae94d086ab	https://www.gutenberg.org/cache/epub/2599/pg2599.txt	books_txt/2599.txt
2600	3359610	2d5bb2ad5f422765e714617e21fa31bbaf8958aa79682c86fca6660fcc5d1b2b	https://www.gutenberg.org/cache/epub/2600/pg2600.txt	books_txt/2600.txt
2601	1376066	0ed985c3d1f3b4ba65003550b99ece05553dc8761e0425fbd3d9929f3082f2d8	https://www.gutenberg.org/cache/epub/2601/pg2601.txt	books_txt/2601.txt
2602	590880	cd8a6aa92b47017951ada220b544ddf192b93f6998566715b0bbc020af6ee403	https://www.gutenberg.org/cache/epub/2602/pg2602.txt	books_txt/2602.txt
2603	217316	06f946b1cf9c631eff7c84868c1b12b51d2939efcdf8f032d423f36f2c7ca65c	https://www.gutenberg.org/cache/epub/2603/pg2603.txt	books_txt/2603.txt
2604	570462	7d69f569df72d8df8c5e7e4da3bbfe8d58e76e583745b79c94ec70d2f88ba9b8	https://www.gutenberg.org/cache/epub/2604/pg2604.txt	books_txt/2604.txt
2605	264888	ae1b2caee436d5459d11feaeeb85f353d15bc52614845a4aa108c42ae70f88ca	https://www.gutenberg.org/cache/epub/2605/pg2605.txt	books_txt/2605.txt
2606	177185	260dcc2d11cf7f083a40385e62f3e6d4ac1b15e0f3cc2a6b23f02aa8d9787eab	https://www.gutenberg.org/cache/epub/2606/pg2606.txt	books_txt/2606.txt
2607	349652	5d19d16c25ae53ed99066b886359ab31bef0ecd20c9695f8d66b29b684300d3a	https://www.gutenberg.org/cache/epub/2607/pg2607.txt	books_txt/2607.txt
2608	707902	167285c1c04e515a095794c9c012ec0910919dcad9fa6e05435fa82b8297d76e	https://www.gutenberg.org/cache/epub/2608/pg2608.txt	books_txt/2608.txt
2609	1159716	86f8ee6d9573e4484c5cfb98901d36c8b7fde31d01968a1cb3c243aa510259f6	https://www.gutenberg.org/cache/epub/2609/pg2609.txt	books_txt/2609.txt
2610	1230408	9b5d4e03bb4127f01120dce918428dd9b67488b6bf32717e21287333750f9b08	https://www.gutenberg.org/cache/epub/2610/pg2610.txt	books_txt/2610.txt
2611	144324	b140151a14e03f8ee3f1056beb23ecd72e7f77c5baf2139134a912ba81b2791b	https://www.gutenberg.org/cache/epub/2611/pg2611.txt	books_txt/2611.txt
2612	1532350	6cac851b28b34322010d4d50084a60e5d33e2a904b61dac874f4a4c95a3a3ad0	https://www.gutenberg.org/cache/epub/2612/pg2612.txt	books_txt/2612.txt
2613	1667374	4f365fb828a6960d77217b8d0625862215887148979af50ed1f942b32a5b6187	https://www.gutenberg.org/cache/epub/2613/pg2613.txt	books_txt/2613.txt
2614	602974	42bfe5377bdaaa24aa922054da79391202f123215949edfccd96c83c2fe94d3d	https://www.gutenberg.org/cache/epub/2614/pg2614.txt	books_txt/2614.txt
2615	381387	9d67722af1e799a72319cd680d954db0a67bfeb7bae52b2bd5c5a852f4dc7f32	https://www.gutenberg.org/cache/epub/2615/pg2615.txt	books_txt/2615.txt
2616	1072145	24495f26577ef6406d8d8cb7f6f8b466612dbd4d8182ec7a70b91f8b7e67b952	https://www.gutenberg.org/cache/epub/2616/pg2616.txt	books_txt/2616.txt
2617	1044132	bd6ef6e4a6349b2fed88d193e40ded65dff9cbaa2bc6ee486f48261ed0f40ed4	https://www.gutenberg.org/cache/epub/2617/pg2617.txt	books_txt/2617.txt
2618	176991	e4e5e8fe0df0eaa6b3b3ef5a2e22733a65af68a08f673716ef62be09d60c2a0b	https://www.gutenberg.org/cache/epub/2618/pg2618.txt	books_txt/2618.txt
2619	706705	e7c512f860493c6681ff21f15f53f800c6439d4d293d74f9eae8ec1ab8090bcc	https://www.gutenberg.org/cache/epub/2619/pg2619.txt	books_txt/2619.txt
2620	1014661	60b3b5bcf86efd95bb9fc0a879b16593379b760ec54d4baf9036c5c238ba33cf	https://www.gutenberg.org/cache/epub/2620/pg2620.txt	books_txt/2620.txt
2621	649946	b53bd339ab21bffe0e41a23cb98577d7c9e6ffa2eeb7660424a64d22f353ae46	https://www.gutenberg.org/cache/epub/2621/pg2621.txt	books_txt/2621.txt
2622	448751	3d00733662853ea5720b4789b65fcedec75a5dca2ad28171028be4627d920005	https://www.gutenberg.org/cache/epub/2622/pg2622.txt	books_txt/2622.txt
2627	54072	a49f63ce959d4b4e6fcf608095d0576dbd681dcf1959a5bcfaadf72f1e552150	https://www.gutenberg.org/cache/epub/2627/pg2627.txt	books_txt/2627.txt
2628	51584	9502775b7f4e607c1c5f239bf5c1a56b025d06ee8957ceb7f4e75291b6b495d9	https://www.gutenberg.org/cache/epub/2628/pg2628.txt	books_txt/2628.txt
2629	141416	76d5d51b72a19918cf455c7045a5a55492bf00697362a6dcae1029ffbb215ae1	https://www.gutenberg.org/cache/epub/2629/pg2629.txt	books_txt/2629.txt
2630	55786	9cd221618577cf389db8232f072e828fdba4d7bd0d78e416ca7e5b0b6093a812	https://www.gutenberg.org/cache/epub/2630/pg2630.txt	books_txt/2630.txt
2631	75980	d3939a47bdc99d354073fdbeaf1dcc9616c0869367600ef0fa518078cd974cc6	https://www.gutenberg.org/cache/epub/2631/pg2631.txt	books_txt/2631.txt
2632	76467	00457e05e216c1f9279e129091bb3a63321a4c25fc11ab5d2d33a9a1afee54dd	https://www.gutenberg.org/cache/epub/2632/pg2632.txt	books_txt/2632.txt
2633	90372	54a19835e3e6fd3ad26e03702c51a1e4271967ed9215c2ce96e419ad61e8326a	https://www.gutenberg.org/cache/epub/2633/pg2633.txt	books_txt/2633.txt
2634	151312	ef66faabf34ecc195c3916dce68ba078d0976314943648bb2410d2b4d8a66159	https://www.gutenberg.org/cache/epub/2634/pg2634.txt	books_txt/2634.txt
2635	319693	0fa99052d709f3a9fba0d9bea8ab08ad85f4bdc2340854e14eae64e64cae621a	https://www.gutenberg.org/cache/epub/2635/pg2635.txt	books_txt/2635.txt
2636	627055	c8620198f6a1559f2a940865f9931b3e2be964de07dcf0fd7bba198658e5f7fd	https://www.gutenberg.org/cache/epub/2636/pg2636.txt	books_txt/2636.txt
2637	394644	bd7f7921c66c9926ad034837a2b99e73b44beada6a0d99730a0d3bc5b4ef2424	https://www.gutenberg.org/cache/epub/2637/pg2637.txt	books_txt/2637.txt
2638	1427858	dab346a2188e09f225c2263c00bca9a895d39ae3011c351bdf0a57eebdaf525e	https://www.gutenberg.org/cache/epub/2638/pg2638.txt	books_txt/2638.txt
2639	563001	c4eb6f303b535ccd5e93cc5f26c9e7c299338f289405ed7549068e6df3b6e5d6	https://www.gutenberg.org/cache/epub/2639/pg2639.txt	books_txt/2639.txt
2640	529223	b03f58d613dfcd5290a0b545c8461d012c4588be4f866b7cc055d7192d06f976	https://www.gutenberg.org/cache/epub/2640/pg2640.txt	books_txt/2640.txt
2641	415820	3dce58eb1786b10b79f8688968d293a1990dfed4a1f83a5c04a6a2a10381db36	https://www.gutenberg.org/cache/epub/2641/pg2641.txt	books_txt/2641.txt
2642	350117	c9de72c87f59e9d7abe8f1b7fa0147d141a5138350656ae28dd8ba69b2a9668d	https://www.gutenberg.org/cache/epub/2642/pg2642.txt	books_txt/2642.txt
2643	232045	6986da0f101908834b671a3338b4dbff4b1af7fdea0a751c12d8663aad742f54	https://www.gutenberg.org/cache/epub/2643/pg2643.txt	books_txt/2643.txt
2644	267703	971b192aa124b652e6e15ae82af9cb0eda32937320864e30dfcf7afa2ed9428a	https://www.gutenberg.org/cache/epub/2644/pg2644.txt	books_txt/2644.txt
2645	121816	a53c55536a951cd7c5a9b7a7ad2e9a237f72b16a62e1b31f4367e94991be7535	https://www.gutenberg.org/cache/epub/2645/pg2645.txt	books_txt/2645.txt
2646	49565	486865bdbfb29463bbd832edae1efb387678e67a95466c69dbce7282d62a9cf6	https://www.gutenberg.org/cache/epub/2646/pg2646.txt	books_txt/2646.txt
2647	907788	1afe510a85179be2ebe12dd5de951b627d01f1fedb2fa883150d57844ba08250	https://www.gutenberg.org/cache/epub/2647/pg2647.txt	books_txt/2647.txt
2648	114057	47b1a70d0b90503bb33cad24571c49c85871c0fed684c04c216fc09fa9412ae6	https://www.gutenberg.org/cache/epub/2648/pg2648.txt	books_txt/2648.txt
2649	556347	f6d8dd3b1a398b4b6381babc7008685cbebc7b808e778765b6765a001c4bc917	https://www.gutenberg.org/cache/epub/2649/pg2649.txt	books_txt/2649.txt
2650	1084467	9ebdb837f733f41d6a822e010d1ccbf14b4ddafad0131482461edb72b55b0936	https://www.gutenberg.org/cache/epub/2650/pg2650.txt	books_txt/2650.txt
2651	645731	d0197fc5243d51a20377400529188d060026816c118a3743207e9693ca1b318e	https://www.gutenberg.org/cache/epub/2651/pg2651.txt	books_txt/2651.txt
2652	582351	fb95dcce525f9d39a994b47cb3f35a53049558759a1a27ba22ecad524048b6a2	https://www.gutenberg.org/cache/epub/2652/pg2652.txt	books_txt/2652.txt
2653	481652	cc925fddd7822db39c6a61a794c61edebfa89a511fcf1ac38f207ece52eb49c7	https://www.gutenberg.org/cache/epub/2653/pg2653.txt	books_txt/2653.txt
2654	525195	426e374f684d390811d12f9674832bbbff33284450a72ba74034b7bbbda0a434	https://www.gutenberg.org/cache/epub/2654/pg2654.txt	books_txt/2654.txt
2655	275062	027c9031db37e4819ba869f5506d20a71b0f8a69f5ec99ee8f8f785d1d616480	https://www.gutenberg.org/cache/epub/2655/pg2655.txt	books_txt/2655.txt
2656	229762	9cd3dec779a9e59e3b4d3161af75bba16d441572ca8a6639fc98984bfdda26e3	https://www.gutenberg.org/cache/epub/2656/pg2656.txt	books_txt/2656.txt
2657	712096	9bf100127c0301abc5f1ed7618e3e466d99bb3e7703db3412cef839fd382b7eb	https://www.gutenberg.org/cache/epub/2657/pg2657.txt	books_txt/2657.txt
2658	621149	553834fea8b4d54245c62b8dcc74ff1edeccc6d8e3fe338d7bf3a5cdd0f25769	https://www.gutenberg.org/cache/epub/2658/pg2658.txt	books_txt/2658.txt
2659	498736	d671fb9377c3dea6fc021ea5a0a5077ad9199b73b10d8355b6b7eaa69953e43d	https://www.gutenberg.org/cache/epub/2659/pg2659.txt	books_txt/2659.txt
2660	301785	df7fbd6d86cea99ff7c77c716307e162518eb7f50611e1b8d0f7cc49ad3b6619	https://www.gutenberg.org/cache/epub/2660/pg2660.txt	books_txt/2660.txt
2661	242926	7ec74d1568b94c9d93708da1953238b750b09cf331d907fe263d1261776b6073	https://www.gutenberg.org/cache/epub/2661/pg2661.txt	books_txt/2661.txt
2662	363560	3dd45445acf008dddd499df5ba421c53788970880b4ab65e6da28f0e50d4ac28	https://www.gutenberg.org/cache/epub/2662/pg2662.txt	books_txt/2662.txt
2663	177287	fd765645974fe65e9e4debf799f0ea946cad745678e232b0075c7acef9ca0cfd	https://www.gutenberg.org/cache/epub/2663/pg2663.txt	books_txt/2663.txt
2664	932398	edadc1e5a668085b61d920c96dbaadbe1f1affa8c388718196488e9d1c136cef	https://www.gutenberg.org/cache/epub/2664/pg2664.txt	books_txt/2664.txt
2665	571546	c1045b4aaabae694bd2f7a457ddf0cc4c20a88ef6aa6df53a46597c46f167706	https://www.gutenberg.org/cache/epub/2665/pg2665.txt	books_txt/2665.txt
2666	628400	70818f14f37e749aa382bca58fb200f7500130973373f6e8291feb60c66d998a	https://www.gutenberg.org/cache/epub/2666/pg2666.txt	books_txt/2666.txt
2667	384910	e0ba576b27d0f5d6cc83375795f187ef9609744d53f94c83c069203d92eb0c25	https://www.gutenberg.org/cache/epub/2667/pg2667.txt	books_txt/2667.txt
2668	326921	9d12958ed69433ff6d4dd12cc1e2b07a74eb373715d1d863b53d89208bdcb6c0	https://www.gutenberg.org/cache/epub/2668/pg2668.txt	books_txt/2668.txt
2669	329066	1fcf441f95af5e79508b5d77b5cfa8878867988ada574bd5c01ef431c75b3e4f	https://www.gutenberg.org/cache/epub/2669/pg2669.txt	books_txt/2669.txt
2670	88117	911036b11265a09eb9f0d4139f99c54293186939ad305f34eb604cf1dcf01c2c	https://www.gutenberg.org/cache/epub/2670/pg2670.txt	books_txt/2670.txt
2671	695480	c731778c17fdf4404095555630fe63048de9e8953b55515567f1f6ff89828c8a	https://www.gutenberg.org/cache/epub/2671/pg2671.txt	books_txt/2671.txt
2672	512576	3b5eefa59a450bd7247376c74ed5a2e941680313f9c7fa8043c3eec712655cce	https://www.gutenberg.org/cache/epub/2672/pg2672.txt	books_txt/2672.txt
2673	772757	90947c4fa5c2b141ae205dcc12861e1994bca1946fb4a6220e1937adf7eb7b96	https://www.gutenberg.org/cache/epub/2673/pg2673.txt	books_txt/2673.txt
2674	398814	6f99bac89a098436b5315812058e45be5129c32cedea1d4b53f9cb7c6adc6830	https://www.gutenberg.org/cache/epub/2674/pg2674.txt	books_txt/2674.txt
2675	932890	856484d8c03bbd7e5dc59ec4b0f4618c375ec40501d3ad7869b882f5e697362b	https://www.gutenberg.org/cache/epub/2675/pg2675.txt	books_txt/2675.txt
2676	390431	fd4d82d4709cc69e9d8ef8fd6aa5d85fed881275e65cbb074a586722c00f5b6b	https://www.gutenberg.org/cache/epub/2676/pg2676.txt	books_txt/2676.txt
2677	474333	081bfb5f9ed26c29a12abf69b014be8d7d2a0e4a7b6a4d07d8957dea892f5984	https://www.gutenberg.org/cache/epub/2677/pg2677.txt	books_txt/2677.txt
2678	72681	65b805c572ef28d4a7e95c874bdc15885f66c310f552995fa2a631ed832d7fcc	https://www.gutenberg.org/cache/epub/2678/pg2678.txt	books_txt/2678.txt
2679	99483	17644025fcb3cb307c252c6528cfa0279fda93ff632174872b1ee726b319500d	https://www.gutenberg.org/cache/epub/2679/pg2679.txt	books_txt/2679.txt
2680	425304	6977474f82a39dd88a4af31a59504821658174d33c177732c54357e4d680b96c	https://www.gutenberg.org/cache/epub/2680/pg2680.txt	books_txt/2680.txt
2681	1155660	7a5ec2423a9f98041738e52f4f79acd1061e8b635e92cbef212710c0e1a5c88a	https://www.gutenberg.org/cache/epub/2681/pg2681.txt	books_txt/2681.txt
2682	150908	0b619675fef8cc379563c8a9346f4a422a6a2ec20961b9ce3d6fed67c863076f	https://www.gutenberg.org/cache/epub/2682/pg2682.txt	books_txt/2682.txt
2683	552748	7e07710887ea24d9ee03b5a306d60c92a02c6c10feac29bcd93b5ea6afa9316a	https://www.gutenberg.org/cache/epub/2683/pg2683.txt	books_txt/2683.txt
2684	558071	9bab9bc933712e1b105557e8313c9a4e26aa1cb7dd7092ddfde8f3304b6918b8	https://www.gutenberg.org/cache/epub/2684/pg2684.txt	books_txt/2684.txt
2685	93384	ea187cd5bd52b937a807fac1172083c07bfabdd755f5089c111b539ca33609e8	https://www.gutenberg.org/cache/epub/2685/pg2685.txt	books_txt/2685.txt
2686	390784	0599e0dc15363c7cd246466500c89a58b53b14f7ece6e1fa085755bb9cefe743	https://www.gutenberg.org/cache/epub/2686/pg2686.txt	books_txt/2686.txt
2687	506088	921f569bde7cf443cc8b693865b2f1f343caa732aef7be6926fd23ce825c7c38	https://www.gutenberg.org/cache/epub/2687/pg2687.txt	books_txt/2687.txt
2688	352930	2c4aa9b225da8c6a819d925ac01e7a0ffb17ecc66b2f3926a75d02b595669aa5	https://www.gutenberg.org/cache/epub/2688/pg2688.txt	books_txt/2688.txt
2689	538403	51fd9526753e2ac87dffacc6937f6c5ff1b08e022974797b2ceefd1b881784bc	https://www.gutenberg.org/cache/epub/2689/pg2689.txt	books_txt/2689.txt
2690	529310	90e2fec4118319190f8608fcbedbd890500e54e01b4aadb51c50db6c5a9b493b	https://www.gutenberg.org/cache/epub/2690/pg2690.txt	books_txt/2690.txt
2691	313834	36228dcc627ac1eaa981eea0b01c6bfdeff5967401318a270bd1e74efafbd61c	https://www.gutenberg.org/cache/epub/2691/pg2691.txt	books_txt/2691.txt
2692	343649	16d342b3e9d540c146d1a4c9ea689a1387f5fedf0a6341d4b00e7e96d9e814ba	https://www.gutenberg.org/cache/epub/2692/pg2692.txt	books_txt/2692.txt
2693	377768	a8668c74bdc2e6a60340c18f2fe6257b0a097c2d8e272b64ab3c062178a92fa7	https://www.gutenberg.org/cache/epub/2693/pg2693.txt	books_txt/2693.txt
2694	86064	e11af7340deaed64c8cdd174fd71740f9f190d4435264ab51a9bd5c8ad6512a6	https://www.gutenberg.org/cache/epub/2694/pg2694.txt	books_txt/2694.txt
2695	168185	7efbca5ae7baaaa4423a6059db233a6006936cb0e15452d92377820de6f4f86c	https://www.gutenberg.org/cache/epub/2695/pg2695.txt	books_txt/2695.txt
2696	828431	e54d32605911827ad47a66310605ab8409ae469636e9ac2452f5121140e527f8	https://www.gutenberg.org/cache/epub/2696/pg2696.txt	books_txt/2696.txt
2697	726975	12d18526742c0cb76254acc23a6442855187052aa19527de0a24a6248f4de574	https://www.gutenberg.org/cache/epub/2697/pg2697.txt	books_txt/2697.txt
2698	523118	4d526a75ec1a34912872d12ce0796debed3b236ec0ee820a0e150bf133644989	https://www.gutenberg.org/cache/epub/2698/pg2698.txt	books_txt/2698.txt
2699	317337	5b2a120361a7962c78bdfd01b00a8a7ad4d4f910a32be732f36ccee33d598071	https://www.gutenberg.org/cache/epub/2699/pg2699.txt	books_txt/2699.txt
2700	800872	0a91821cf9fde7204fa84cdce430d98239ea5c667c8fe0e78267a71608b65ea0	https://www.gutenberg.org/cache/epub/2700/pg2700.txt	books_txt/2700.txt
2701	1276267	907420db6c4b68c70e2988cd2ad9c8cf79138667a01b63376d18dd17fef1a18b	https://www.gutenberg.org/cache/epub/2701/pg2701.txt	books_txt/2701.txt
2702	506681	125d8f9d73774a02963685d699039f2780185404d1e6170933a11499b9feca32	https://www.gutenberg.org/cache/epub/2702/pg2702.txt	books_txt/2702.txt
2703	214747	d216d415e3cef8fbc4f038a33f6d824e07b92eb515044c48bc244ab02b92a3a1	https://www.gutenberg.org/cache/epub/2703/pg2703.txt	books_txt/2703.txt
2704	396260	53cdbeb628f0487bc16b0ce18b24552f9548ad2261f397fd6001c43edb7ad9c2	https://www.gutenberg.org/cache/epub/2704/pg2704.txt	books_txt/2704.txt
2705	356077	1483bf72de09b8f3e0af920481615d80ce0fa2d9e2c36f67236a42a7238afbb2	https://www.gutenberg.org/cache/epub/2705/pg2705.txt	books_txt/2705.txt
2706	229305	472a3217d351e869113818b665afebcd72e3c6d0627ed4991f75ebb424989eb7	https://www.gutenberg.org/cache/epub/2706/pg2706.txt	books_txt/2706.txt
2707	915805	b4a845d38e9051690201561803d2aa83f6589a7b3f80273b97d79801981e64a3	https://www.gutenberg.org/cache/epub/2707/pg2707.txt	books_txt/2707.txt
2708	306689	e060203dce57053d135afe9b872277574498bbb0bb462e7a992e8348fd3fd840	https://www.gutenberg.org/cache/epub/2708/pg2708.txt	books_txt/2708.txt
2709	733149	f62306724bbdc034d698ba9c19773a03401e68cbd8f9c15cac7ab59e70a2f190	https://www.gutenberg.org/cache/epub/2709/pg2709.txt	books_txt/2709.txt
2710	1032748	005150a3421d3c926b96e644a3c28f3074227e53bb339d1f1df6232bec07233c	https://www.gutenberg.org/cache/epub/2710/pg2710.txt	books_txt/2710.txt
2711	191619	310afbf22df3b307b12c5d239bc5701e5b7c932edb870a1ae49b3203aef9ab0c	https://www.gutenberg.org/cache/epub/2711/pg2711.txt	books_txt/2711.txt
2712	64628	2ce97e6dc7669c7ab412c9d4243337965465927bc9480ded1450039882916155	https://www.gutenberg.org/cache/epub/2712/pg2712.txt	books_txt/2712.txt
2713	209736	d7e010d6150364516d8907bb4ea06c8c7ea38ad0b82cec42b3f19af08ad2f5af	https://www.gutenberg.org/cache/epub/2713/pg2713.txt	books_txt/2713.txt
2714	668465	1291745e9d487d5a313ea910ca605c6b072b01525b696c1e281a553e186bf7a3	https://www.gutenberg.org/cache/epub/2714/pg2714.txt	books_txt/2714.txt
2715	415366	a3edbbc9958422cb684b5dd314bc43c380107868cfdfb7d6b32bda2eb5a4c68d	https://www.gutenberg.org/cache/epub/2715/pg2715.txt	books_txt/2715.txt
2716	145460	e9a0d38504004c7c31052fe6f33c4f2298e772c5e29ca9b1ee89daa08ac7eab4	https://www.gutenberg.org/cache/epub/2716/pg2716.txt	books_txt/2716.txt
2717	90883	0e3ca4f1056e4380d243a32e91fbd2e32fd84ae019b63ed4c5d76f1832f1ff6e	https://www.gutenberg.org/cache/epub/2717/pg2717.txt	books_txt/2717.txt
2718	116069	d21f6d9c093a95c2c6626f23a8a2fdd0860c86a3a9aabcf958d94c0595b0304a	https://www.gutenberg.org/cache/epub/2718/pg2718.txt	books_txt/2718.txt
2719	61415	412f1bb202c0a72904286d73b6fbc63d02cb770af86565cb5825a2330776bf8e	https://www.gutenberg.org/cache/epub/2719/pg2719.txt	books_txt/2719.txt
2720	135594	99ebe94bf35af5a5cdf79e97b817f1f1d7845c8b2a193d33b0f3c34736040a54	https://www.gutenberg.org/cache/epub/2720/pg2720.txt	books_txt/2720.txt
2721	616195	e5108e5da7006e6048c5bb9df96b25edfebba7546ed6e41f0696108c0773753d	https://www.gutenberg.org/cache/epub/2721/pg2721.txt	books_txt/2721.txt
2722	487116	6d83104f5230c2eb600cee4897e6f79d5b95c33c071a6e4e18e8198f9eb5ee8b	https://www.gutenberg.org/cache/epub/2722/pg2722.txt	books_txt/2722.txt
2723	359111	e7d2c20646314786fb32be79178788cf0fcc01f935692502f2271d0d2810338c	https://www.gutenberg.org/cache/epub/2723/pg2723.txt	books_txt/2723.txt
2724	366611	61692b6b0cdc451f281779ddcce90b7fbfecd19c65ec2540b19cd3e6810f87d6	https://www.gutenberg.org/cache/epub/2724/pg2724.txt	books_txt/2724.txt
2725	263956	8189ca0d26501258099f2342097d1916e91725d9b987d1860b53a293639eff67	https://www.gutenberg.org/cache/epub/2725/pg2725.txt	books_txt/2725.txt
2726	425192	1dfc4c1c550538bc492176cf4935d5a56a57dfc6a118b5163a6ab66c963466fe	https://www.gutenberg.org/cache/epub/2726/pg2726.txt	books_txt/2726.txt
2727	297687	77917c84b6feffb77f3938670aa30a4815e9d09abdf513f692bb7f72d99b1e95	https://www.gutenberg.org/cache/epub/2727/pg2727.txt	books_txt/2727.txt
2728	57447	382554b8b3fa12b4432aafc98fc7bccb065834220515c40ceedfc866f5206db6	https://www.gutenberg.org/cache/epub/2728/pg2728.txt	books_txt/2728.txt
2729	85155	9fe3ae6648c1789735ec1bde7188d9a9ef355d0e6a446d0526b7ed22dafc00e1	https://www.gutenberg.org/cache/epub/2729/pg2729.txt	books_txt/2729.txt
2730	53852	a44b5e5ba49f10ca2aaaf62efdf8f78ab48c541f765d4006d78dd96d124ce943	https://www.gutenberg.org/cache/epub/2730/pg2730.txt	books_txt/2730.txt
2731	481803	c05baccde71410baf1d8d2e63caae1efad7de604e58621a06cb80fe34873ab3f	https://www.gutenberg.org/cache/epub/2731/pg2731.txt	books_txt/2731.txt
2732	262663	7e61389850b418b711e240986185a2515f6638a0e1a4df90aa50644023aed3a7	https://www.gutenberg.org/cache/epub/2732/pg2732.txt	books_txt/2732.txt
2733	310337	958360dc6352d79909c644f11ec551f9eb9c1eb2a4a1b669963a5b23fcf7a91b	https://www.gutenberg.org/cache/epub/2733/pg2733.txt	books_txt/2733.txt
2734	139920	9969be504ea671234e15fed0fb75368ed9da12f9cacaf139fc18327d6e5356c7	https://www.gutenberg.org/cache/epub/2734/pg2734.txt	books_txt/2734.txt
2735	1335269	5518321eae5b6a0ee05c386cf40c5ac64041716f760b07be0206589d75b36c72	https://www.gutenberg.org/cache/epub/2735/pg2735.txt	books_txt/2735.txt
2736	598479	d94d5975059a2bb8983c6c1dc135d5e02d56747eae4891c425452df6bc451d17	https://www.gutenberg.org/cache/epub/2736/pg2736.txt	books_txt/2736.txt
2737	383587	21514c3cc360752aff3970df0d7953ad9fc20ec714db282725034b96421695fb	https://www.gutenberg.org/cache/epub/2737/pg2737.txt	books_txt/2737.txt
2739	1160055	a66f7055a909c9f9a942f5046af3fc0af3f962ad374da451dd6b130d4f7cac7d	https://www.gutenberg.org/cache/epub/2739/pg2739.txt	books_txt/2739.txt
2740	1292669	ea50d74a3e3bdc7851a142dbfe47a07c5a257569c60e540989440e72527f13d9	https://www.gutenberg.org/cache/epub/2740/pg2740.txt	books_txt/2740.txt
2741	494796	bb33b8aeeb05081d60cb8a23f04df45c8e556ce54ad525e042ba33477d6c14f3	https://www.gutenberg.org/cache/epub/2741/pg2741.txt	books_txt/2741.txt
2742	91955	f8f704183c222321bd9ab244184d8681e162383e740dea8cf580fcd91947f2ad	https://www.gutenberg.org/cache/epub/2742/pg2742.txt	books_txt/2742.txt
2743	546332	2bc1a288b760bf53b36057bde5f0c26e583fb513ff2e52bc26d556ea010a1d35	https://www.gutenberg.org/cache/epub/2743/pg2743.txt	books_txt/2743.txt
2744	437813	ca6b48fa81ff1a1422cc045801a15da0b6460c912331e64a1836211ed3cb8e20	https://www.gutenberg.org/cache/epub/2744/pg2744.txt	books_txt/2744.txt
2745	148333	fb4f1897ad68abc42411b80cee9168a8e2e705de661960b4f0c94301ff53d5fe	https://www.gutenberg.org/cache/epub/2745/pg2745.txt	books_txt/2745.txt
2746	235470	e48409c3ac58267f5c37435a2feb0bf27d09ca8cd3eabbabc2c9b00f48e58318	https://www.gutenberg.org/cache/epub/2746/pg2746.txt	books_txt/2746.txt
2747	110106	81b0140e64c6c4cf9c0b2da2f8f432e832864fe8953b6b73f25760f41ab16d96	https://www.gutenberg.org/cache/epub/2747/pg2747.txt	books_txt/2747.txt
2748	273530	a562422219486147efb5c2bf547f1ecd634d8317e1ba7595cdfe9338b2b766a2	https://www.gutenberg.org/cache/epub/2748/pg2748.txt	books_txt/2748.txt
2749	161387	202fa41879f561d5ffb48811346d1804590bfa5f10ddf1daa62c448b59e298bb	https://www.gutenberg.org/cache/epub/2749/pg2749.txt	books_txt/2749.txt
2750	244612	66168e4225e940c49d829ecc486af2cb421ab6d5d0c75cc3bea9459e8f33c479	https://www.gutenberg.org/cache/epub/2750/pg2750.txt	books_txt/2750.txt
2751	125080	cdc7d33f62cda9347cf3ae5270cb81f3069af5e698e843391742fb39a27a0f0d	https://www.gutenberg.org/cache/epub/2751/pg2751.txt	books_txt/2751.txt
2752	117748	95e28984626cb86ad8adf6ae22242b6b37cafb5f3750dd4395621e685f6e9cfc	https://www.gutenberg.org/cache/epub/2752/pg2752.txt	books_txt/2752.txt
2753	277088	586af442b13409c1cc4b833dbd18a9b2dedb11a4423c983ab75c968dd338446e	https://www.gutenberg.org/cache/epub/2753/pg2753.txt	books_txt/2753.txt
2754	122365	fefb01bc9eb8a0d6773defee6b7a26ea552cc5585b7b2e78fc391af7dd3495cc	https://www.gutenberg.org/cache/epub/2754/pg2754.txt	books_txt/2754.txt
2755	103846	515ad6764becfde1352cb822e1a18084fb8bbd83d91e342c3106f9d5cdef9317	https://www.gutenberg.org/cache/epub/2755/pg2755.txt	books_txt/2755.txt
2756	175957	6538f0fd5210c6fd6cca016228f0368024f748c90f6c18a209ed58e7777fb814	https://www.gutenberg.org/cache/epub/2756/pg2756.txt	books_txt/2756.txt
2757	140158	c7a20056708cca13cbfb3ace86f366678cb388466f42b88c3ff4fe75b396c2ae	https://www.gutenberg.org/cache/epub/2757/pg2757.txt	books_txt/2757.txt
2758	141228	1899bb59c8bd3248c9e87376a3e8a2fe7f67a489964b58531337e60328410ae5	https://www.gutenberg.org/cache/epub/2758/pg2758.txt	books_txt/2758.txt
2759	1065747	3985ba4be41addde0de3c0d759993dd036ce5fdba139099d57bf73868342bed6	https://www.gutenberg.org/cache/epub/2759/pg2759.txt	books_txt/2759.txt
2760	3617835	bea06aaea211cf8fedab93c480dec3724044ec67809a79360032f6a07c916ed4	https://www.gutenberg.org/cache/epub/2760/pg2760.txt	books_txt/2760.txt
2761	451150	e1debdfd6b51ea38312fecb125f5cc544031ed5d51aede94204b6218ec2de98a	https://www.gutenberg.org/cache/epub/2761/pg2761.txt	books_txt/2761.txt
2762	736305	7d3cbf90e38e59f32d1bc8ad423a7a01a8d6336108a0ddd8c3915c18692860fe	https://www.gutenberg.org/cache/epub/2762/pg2762.txt	books_txt/2762.txt
2763	484228	af78a4005cc7f6515a423c3753e60df72d7edb64e16940f2e7e5e96ff93d3767	https://www.gutenberg.org/cache/epub/2763/pg2763.txt	books_txt/2763.txt
2764	142286	09908dcb519af424d61c89a1edf1725569f8eb0c40035e2ba6ce34e76e229ac5	https://www.gutenberg.org/cache/epub/2764/pg2764.txt	books_txt/2764.txt
2765	170439	049f109bcca21e6e399682d9ae9f97c55bbad502cf309f3856187b92b1404998	https://www.gutenberg.org/cache/epub/2765/pg2765.txt	books_txt/2765.txt
2766	494150	71714ee468bb04016e5d9bfb249ca84f953d42ccde72dc5bb89b1f4589c4fe87	https://www.gutenberg.org/cache/epub/2766/pg2766.txt	books_txt/2766.txt
2767	402839	c0119e5910236026495b1b8e9b77e7e6bc90ecf1f1c3a1c0417689ffe6c5e6fc	https://www.gutenberg.org/cache/epub/2767/pg2767.txt	books_txt/2767.txt
2768	711853	33e960f1051baa3439207c433ec72949f90904f5ad5b20a8c8e9fcc0cb0c9180	https://www.gutenberg.org/cache/epub/2768/pg2768.txt	books_txt/2768.txt
2769	581093	c2592138cc6366541b2d767fa718f5b7bb8e88f5047ebe5079ca7064226de25e	https://www.gutenberg.org/cache/epub/2769/pg2769.txt	books_txt/2769.txt
2770	433439	15c56071fc56990b2e44eb42b3ce94f1d1df84e4b8e5d015e0c01371505b7959	https://www.gutenberg.org/cache/epub/2770/pg2770.txt	books_txt/2770.txt
2771	433552	f488655edb5087dcde38c3803b1bde5e1f343b7af3e4efa652fa2c79f08869e6	https://www.gutenberg.org/cache/epub/2771/pg2771.txt	books_txt/2771.txt
2772	471324	b993c6375aab39639c544b3076a4c6463774b0000efee3ffd80e7aa481aa8462	https://www.gutenberg.org/cache/epub/2772/pg2772.txt	books_txt/2772.txt
2773	574367	7016edfe7ad10e7c1a3618e6c25c2443b8aa9c4a67ede4b2ea0e2a6f13da56bb	https://www.gutenberg.org/cache/epub/2773/pg2773.txt	books_txt/2773.txt
2774	547243	8b91c07dbe4be05fdacad16e2bdde86eaabde34f486222af332517aff120be7b	https://www.gutenberg.org/cache/epub/2774/pg2774.txt	books_txt/2774.txt
2775	438510	cfd0a9db33e36bb3f65c52acd11dc7d4ee1abe23e754a3bd88f26f32dc9635d1	https://www.gutenberg.org/cache/epub/2775/pg2775.txt	books_txt/2775.txt
2776	322539	6bb719852f2f0eb33db25613124d2d3c522dd3b879c187667ab31072bb2fb48d	https://www.gutenberg.org/cache/epub/2776/pg2776.txt	books_txt/2776.txt
2777	393110	2fbf0eea39adb00fda490263d94a32fdb2f6a500420c82b593a67c76198af325	https://www.gutenberg.org/cache/epub/2777/pg2777.txt	books_txt/2777.txt
2778	509988	6997c874c6b737f96adf2be9d6bc493d71b20778c7240e402f9654180d70729a	https://www.gutenberg.org/cache/epub/2778/pg2778.txt	books_txt/2778.txt
2779	592787	22fef95ca718e4e5190efbedd325bb836c5e9b2d7da1be763f1b6ab75b0b1931	https://www.gutenberg.org/cache/epub/2779/pg2779.txt	books_txt/2779.txt
2780	621568	69ac4cc6a930dd49967b81dde0813cbb4881ea0d093d623669177d4215a30dd6	https://www.gutenberg.org/cache/epub/2780/pg2780.txt	books_txt/2780.txt
2781	186062	92de2f58f18955871b7be4c162e17bf7724aeb42f3e995af1fdb0d19333a8744	https://www.gutenberg.org/cache/epub/2781/pg2781.txt	books_txt/2781.txt
2782	208108	817e35af0cd85838174e66b226637eeb86f134d3bf128d8f54779647af60d1a6	https://www.gutenberg.org/cache/epub/2782/pg2782.txt	books_txt/2782.txt
2783	429693	606d9c6f5d57274ccb9634e61e5d3279611cd323c33102435f8f9c78e9b89b57	https://www.gutenberg.org/cache/epub/2783/pg2783.txt	books_txt/2783.txt
2784	335205	9ec95d5d5ca6ca9a39fc66bc0770477962d351ac126ba24a65271da984e52ebd	https://www.gutenberg.org/cache/epub/2784/pg2784.txt	books_txt/2784.txt
2785	517026	4bd9724308470f05efb08cabf7af98fb03321106a669cd0773df014e4f8131ca	https://www.gutenberg.org/cache/epub/2785/pg2785.txt	books_txt/2785.txt
2786	533425	2966f02e17fb1cf01c21f90b1b694ee4503a5434cf398ec1a24955d5ce6a3b73	https://www.gutenberg.org/cache/epub/2786/pg2786.txt	books_txt/2786.txt
2787	588929	4d49283af6ec3a896af22b8d9bc0b01e48651a6633e65d3df05dd2387748054d	https://www.gutenberg.org/cache/epub/2787/pg2787.txt	books_txt/2787.txt
2788	599622	69485786336ba7f3ba75fecefeb6f1e1ef69eba433173b1f2e4bde8bfd0b4e11	https://www.gutenberg.org/cache/epub/2788/pg2788.txt	books_txt/2788.txt
2789	279374	35c7d958f855b79690667fb8378397f38a66e7a66dcb863c714c4a476c37b8a0	https://www.gutenberg.org/cache/epub/2789/pg2789.txt	books_txt/2789.txt
2790	67720	3635607ec88e97252390a71f737689ba98059af9f9a9181385654ee1304c1d60	https://www.gutenberg.org/cache/epub/2790/pg2790.txt	books_txt/2790.txt
2791	280876	e5098968443b2976d5378bccc3fd48ad84f3f1e218d73009147640c4299655b0	https://www.gutenberg.org/cache/epub/2791/pg2791.txt	books_txt/2791.txt
2792	393075	5b449bf8336d33064b39449f0391937fc99b3f8d082057955208f7d89798d591	https://www.gutenberg.org/cache/epub/2792/pg2792.txt	books_txt/2792.txt
2793	113482	6120ce0f08bb5b972f735edb1789c5277ed35ae1b4717a2fa5edb28b965b82e0	https://www.gutenberg.org/cache/epub/2793/pg2793.txt	books_txt/2793.txt
2794	89727	299dad763612a6924a817269319fe08f7be1b210955c370821a79162f5cad3e8	https://www.gutenberg.org/cache/epub/2794/pg2794.txt	books_txt/2794.txt
2795	448461	1d501d94760456dca982fe5bc756365f01a93be6b04650e3b32a0956a662add1	https://www.gutenberg.org/cache/epub/2795/pg2795.txt	books_txt/2795.txt
2796	351545	10eaf86ee353c94aedaaea1fd2949b9b5fcbebe9bc976feff29c91020d9196ce	https://www.gutenberg.org/cache/epub/2796/pg2796.txt	books_txt/2796.txt
2797	128988	4099833eeec616d2245d3f67eb777ce238765ac6545e1444042f0cb9db7a5605	https://www.gutenberg.org/cache/epub/2797/pg2797.txt	books_txt/2797.txt
2798	58251	0f0781280dbe74a88db2e6dd7e05644e376ededbce5f267678fa49d92a5411d7	https://www.gutenberg.org/cache/epub/2798/pg2798.txt	books_txt/2798.txt
2799	492707	025a789501d730bbe7a2fc3f879f1fafb75a759d5503838389f4eb3901b6dc01	https://www.gutenberg.org/cache/epub/2799/pg2799.txt	books_txt/2799.txt
2800	1145272	c4136a760d8350ba5f7911ba3e8cfe0a04b8d4933cd7402c7b7ef84884111f4d	https://www.gutenberg.org/cache/epub/2800/pg2800.txt	books_txt/2800.txt
2801	672631	c533641c80fefcc826dca03c7df00d8dd291ab18f2151b3eb7bbbb454b6c8559	https://www.gutenberg.org/cache/epub/2801/pg2801.txt	books_txt/2801.txt
2802	884888	7ed0d2875ced33a59147818eb8d08fa660f8b9a5d70e6f951d47bc03047eb127	https://www.gutenberg.org/cache/epub/2802/pg2802.txt	books_txt/2802.txt
2803	973861	519ef458f64f28e33a359080a0be7f7ad8f8a4349eade13ea053d3897c9b79c7	https://www.gutenberg.org/cache/epub/2803/pg2803.txt	books_txt/2803.txt
2804	543463	ac6fa95008760c4a1d6e4a6492ae29927f9dfb07e8f81ae20d4dcfee3b4940fb	https://www.gutenberg.org/cache/epub/2804/pg2804.txt	books_txt/2804.txt
2805	701596	f2d2294413227ae01a07cc1d7f8f9f07e0439517f20e7084404de5bb5ea11838	https://www.gutenberg.org/cache/epub/2805/pg2805.txt	books_txt/2805.txt
2806	278960	4a76bcf402ca6246198b4a375c572849e684cd218a6f417c7956a00b2d82d542	https://www.gutenberg.org/cache/epub/2806/pg2806.txt	books_txt/2806.txt
2807	659542	b54c92c927712417d679c88a8ed0ed588ee0977a12e21b9017c1287e9dd5f685	https://www.gutenberg.org/cache/epub/2807/pg2807.txt	books_txt/2807.txt
2808	187120	e16d9cf072824f3dda72dd3f4744fca1a7e9dfd19375eb5105347d339fd06aa3	https://www.gutenberg.org/cache/epub/2808/pg2808.txt	books_txt/2808.txt
2809	520243	3bf5950c4b140c7b47c320bc4d80cd480c284d0fd4c3697c1144584174896d9b	https://www.gutenberg.org/cache/epub/2809/pg2809.txt	books_txt/2809.txt
2810	172838	773c1a469a2be624214b6cdb37bb3e6067e879cc77a810244589e6abf0ab2609	https://www.gutenberg.org/cache/epub/2810/pg2810.txt	books_txt/2810.txt
2811	552151	38246747bde7ef4da17603bee74b5344cc1502f8e41d6515fe72651ca0e8fa9a	https://www.gutenberg.org/cache/epub/2811/pg2811.txt	books_txt/2811.txt
2812	253142	7849cfe4e1800113c83281a87943e1b0e49b223c46546deec8183a685b1e438e	https://www.gutenberg.org/cache/epub/2812/pg2812.txt	books_txt/2812.txt
2813	424418	ed49f114e8e3bd9e8c0c98c9c02524cc18f2b176aefb0f3d4fa2e779495b6a09	https://www.gutenberg.org/cache/epub/2813/pg2813.txt	books_txt/2813.txt
2814	405706	6be7d8400ac2549459307d1c1a20a25c86a736984269d3e9d989c817814be60c	https://www.gutenberg.org/cache/epub/2814/pg2814.txt	books_txt/2814.txt
2815	429615	4fbddac20d62625774cee7794263354709f3b297d5ec9c9cb82cd0c902af0187	https://www.gutenberg.org/cache/epub/2815/pg2815.txt	books_txt/2815.txt
2816	114483	561d2d98cf7feb69fa0d226389408eefcc487e4fd88182f06351e5159cca7d1d	https://www.gutenberg.org/cache/epub/2816/pg2816.txt	books_txt/2816.txt
2817	37079	f23baa0f2fe336f1d02f50483894eedfa33069ceccaf6c877a5656876236977f	https://www.gutenberg.org/cache/epub/2817/pg2817.txt	books_txt/2817.txt
2818	496070	3aab50ece5fbd1855a2cae856512261367668e9974155c88bf165ed748fd6bc4	https://www.gutenberg.org/cache/epub/2818/pg2818.txt	books_txt/2818.txt
2819	118022	e2de55400491f7b2a42901ddd8d9448505d2c4537b0a75cb907d939deca54488	https://www.gutenberg.org/cache/epub/2819/pg2819.txt	books_txt/2819.txt
2820	68992	bf25e41379afbf57f9e668a8f6e97876960621b55f8468255f6e835553c44281	https://www.gutenberg.org/cache/epub/2820/pg2820.txt	books_txt/2820.txt
2821	160903	06d04049edacf1d16169110bd2b2484138236d4e9a4524b55f4b62487012075a	https://www.gutenberg.org/cache/epub/2821/pg2821.txt	books_txt/2821.txt
2822	261035	0b913b747f1f45dc1653519ee5fc1adadc898e74c80e899868ca047753cdac80	https://www.gutenberg.org/cache/epub/2822/pg2822.txt	books_txt/2822.txt
2823	196971	7cd2f14a0a16fa153fe620a8004a671cabf928fb0e27ab53ab76a75d5e37d231	https://www.gutenberg.org/cache/epub/2823/pg2823.txt	books_txt/2823.txt
2824	250094	7fb1d6ed1e90375dcec819618998fd083f90b33bccd94a6e5fd6eabd418362b5	https://www.gutenberg.org/cache/epub/2824/pg2824.txt	books_txt/2824.txt
2825	212163	9dcefab8255bd21323415f634011b9bacd2c8d83a4532b40561665020d2f00c6	https://www.gutenberg.org/cache/epub/2825/pg2825.txt	books_txt/2825.txt
2826	115646	9067d0d9fe54f142abe4e7b2fb68fa724069868eb9b0741f289bf34f3a9c0266	https://www.gutenberg.org/cache/epub/2826/pg2826.txt	books_txt/2826.txt
2827	95632	34a2d7a2ab1d649dfa43b76e2d33758c2a01354b497165768bbcc8cfff4e309f	https://www.gutenberg.org/cache/epub/2827/pg2827.txt	books_txt/2827.txt
2828	267795	39a6f9788bfe67d120a9dbeb012a3d5780612c85fffee593f3e3fc56cbb2effc	https://www.gutenberg.org/cache/epub/2828/pg2828.txt	books_txt/2828.txt
2829	151740	68032298da99238e9db1cf9f016c91cace5a3f3d137a0c2bac22a325132402c1	https://www.gutenberg.org/cache/epub/2829/pg2829.txt	books_txt/2829.txt
2830	101416	488a3efa8c0b680ff84af8b3773a85b5e3d80156f47dfd3c5e659a510a8dbcd3	https://www.gutenberg.org/cache/epub/2830/pg2830.txt	books_txt/2830.txt
2831	274349	fa08b3d1b49c8fe2359f038f46485af29ec8e4dcb08cb0c2753fbfa4019013ff	https://www.gutenberg.org/cache/epub/2831/pg2831.txt	books_txt/2831.txt
2832	638085	aa70083230460130060b2ea0ee912a786e1835dd80945d2d9b6cc1076991c204	https://www.gutenberg.org/cache/epub/2832/pg2832.txt	books_txt/2832.txt
2833	709065	dd0c7685eeca9350b89a110e6f6b5a96917e7548e054d28648e6c26bbbbf7045	https://www.gutenberg.org/cache/epub/2833/pg2833.txt	books_txt/2833.txt
2834	677559	08c01131b7bb3ffc4e557b91fce8fda00b38c8921a13f19bef77d574d453ac16	https://www.gutenberg.org/cache/epub/2834/pg2834.txt	books_txt/2834.txt
2835	371238	a131f6135b8b6fd3978161e4f07b0cddff587b2abafdfc6c5133ee296f766bec	https://www.gutenberg.org/cache/epub/2835/pg2835.txt	books_txt/2835.txt
2836	341804	d1bc8fa635991df56497fc77a0126b0f3f7f33bcba7e99d31d03e734032a3e1c	https://www.gutenberg.org/cache/epub/2836/pg2836.txt	books_txt/2836.txt
2837	133456	da676ec5b2ebc28a99be31316b68d98770f2441303d11a2427f98be7efcbc976	https://www.gutenberg.org/cache/epub/2837/pg2837.txt	books_txt/2837.txt
2838	25920	c944503539f7928e96705cea080e97315105857a57ff8dd00c1f398727a11f75	https://www.gutenberg.org/cache/epub/2838/pg2838.txt	books_txt/2838.txt
2839	48101	2222b2a482048b5186400f6c58b7183c67dcd6ee6827e9ee78385b973e132385	https://www.gutenberg.org/cache/epub/2839/pg2839.txt	books_txt/2839.txt
2840	23557	6af4e3eb803189adda1dbf99ce58e0eca9b17a8274dcd0969965631e3d9e67b5	https://www.gutenberg.org/cache/epub/2840/pg2840.txt	books_txt/2840.txt
2841	638865	64c3880d42fb8903d9ab67b21f577cd4956bef5b185586d56c88476baefc714a	https://www.gutenberg.org/cache/epub/2841/pg2841.txt	books_txt/2841.txt
2842	140782	c9f02dbffa7013cfe209079f1b80fe436b97efa0b5b5df76b6be17250b890493	https://www.gutenberg.org/cache/epub/2842/pg2842.txt	books_txt/2842.txt
2843	106365	7da09f605d3e0c32d9509b88bc7f7f9272e27891eb3f7bf50cb139048c41dd90	https://www.gutenberg.org/cache/epub/2843/pg2843.txt	books_txt/2843.txt
2844	123315	454c4cdc763c365f376874819e6e847f4d03d210690c3028e6a0052895e8577e	https://www.gutenberg.org/cache/epub/2844/pg2844.txt	books_txt/2844.txt
2845	742034	46342ded3de3e8bef710b28ac04ed7c41a3360614e4714445e5a5c4f0c79b8b4	https://www.gutenberg.org/cache/epub/2845/pg2845.txt	books_txt/2845.txt
2846	168495	7c4408526f781f67bf2c6a0af43e0b207d6aaeddb1051636b3cb4186d02c2894	https://www.gutenberg.org/cache/epub/2846/pg2846.txt	books_txt/2846.txt
2847	31462	6ab014dd988393e7dfc47c88ab3f63a5b661b49408ecd6f9fb3c76cc10584acd	https://www.gutenberg.org/cache/epub/2847/pg2847.txt	books_txt/2847.txt
2848	3067150	bb2e32da8ba3adc109b7694e6a8f2f11570462af2bedd55798da70b754c6e440	https://www.gutenberg.org/cache/epub/2848/pg2848.txt	books_txt/2848.txt
2849	253776	b6791c018b1033eaf74e49303b071c53f674f392c51b97bc60ec9f7ab68f91d8	https://www.gutenberg.org/cache/epub/2849/pg2849.txt	books_txt/2849.txt
2850	1342785	9a72663aefa6b22bb4398d5f878bb027c6b6de839e7cbe744a34240505fd8d20	https://www.gutenberg.org/cache/epub/2850/pg2850.txt	books_txt/2850.txt
2851	385472	00d271e28a98dad480a7c099dc358a418b74e4a6f46270135daaf337a3584bff	https://www.gutenberg.org/cache/epub/2851/pg2851.txt	books_txt/2851.txt
2852	388046	f7c8c68729d32a5f6a04a5a9ad73d184176e66a6c76b3992c41c1ab47b427d98	https://www.gutenberg.org/cache/epub/2852/pg2852.txt	books_txt/2852.txt
2853	1219935	ca45e7cab485e9463031bbf7a76c24bad133f196978b64045a2454164e594a7b	https://www.gutenberg.org/cache/epub/2853/pg2853.txt	books_txt/2853.txt
2854	184459	089c19898bbca8232fc84654479d8b24793fad6b7a8b75cdecfdd6b9092420f7	https://www.gutenberg.org/cache/epub/2854/pg2854.txt	books_txt/2854.txt
2855	321128	52759a737f38b9c3ac480a5021db1f0d2e58c7f880eee36ae5e39e5aa22d172f	https://www.gutenberg.org/cache/epub/2855/pg2855.txt	books_txt/2855.txt
2856	500360	0bb4822cf95d5905b7cec53c7177165300a9b08276ae2265d98da14859a64906	https://www.gutenberg.org/cache/epub/2856/pg2856.txt	books_txt/2856.txt
2857	544023	6b0e13c2afc1a2df60971402622930976bfba74373a7c96cdbb4289edcb8cf18	https://www.gutenberg.org/cache/epub/2857/pg2857.txt	books_txt/2857.txt
2858	345800	5430d77faf5583b24ed0d8269dac4a4633089badbc75eefb69b1d24dec4cca44	https://www.gutenberg.org/cache/epub/2858/pg2858.txt	books_txt/2858.txt
2859	82729	744f89752a04651c113bf89f37c365d547163a89c5aae276486ae75864a865ed	https://www.gutenberg.org/cache/epub/2859/pg2859.txt	books_txt/2859.txt
2860	1198106	c93c4cbd11b7c194ae7afb796d589d32fb71509d439327cfd61c5e774274f568	https://www.gutenberg.org/cache/epub/2860/pg2860.txt	books_txt/2860.txt
2861	473974	3f225de6aaf8dea1a2408943ee887ec22a9c97c43dd639feb1eb6c8d7176f025	https://www.gutenberg.org/cache/epub/2861/pg2861.txt	books_txt/2861.txt
2862	271100	2f6cb5b4519d908cfe9f577b2c9a164e99db8dd610cc7e12a0103480f11b8874	https://www.gutenberg.org/cache/epub/2862/pg2862.txt	books_txt/2862.txt
2863	181236	8a598d14b73768f83fc5885259059d83571f05c045e82885a8ec2cd15d5698b9	https://www.gutenberg.org/cache/epub/2863/pg2863.txt	books_txt/2863.txt
2864	668210	fe0ccb1234ca71f76e9ea60ff5b0a18d41c79a1909e2ff8c8e5fcf41305b7e52	https://www.gutenberg.org/cache/epub/2864/pg2864.txt	books_txt/2864.txt
2865	175243	93ce575ea9d968156cac8e9224d89fe350e3ac3e9bfde69a47cce2f5e660175f	https://www.gutenberg.org/cache/epub/2865/pg2865.txt	books_txt/2865.txt
2866	707907	d029f99afea69a438b6dde10101736b9f59be0c157419c14157fd56a50d7d020	https://www.gutenberg.org/cache/epub/2866/pg2866.txt	books_txt/2866.txt
2867	342140	6b5f8ae862f196eb14b16cf31c44dda654a44cab7fcd74c152a16e6a83c597bf	https://www.gutenberg.org/cache/epub/2867/pg2867.txt	books_txt/2867.txt
2868	533606	dc857e3fba033291f93fe582bd102520e41a0e3774332b210de3a83b566d3ea8	https://www.gutenberg.org/cache/epub/2868/pg2868.txt	books_txt/2868.txt
2869	132076	1943c0f72b27ecb201fcc0f8a7fbfcac5332be237ee77535667d9e668ab87559	https://www.gutenberg.org/cache/epub/2869/pg2869.txt	books_txt/2869.txt
2870	394844	d46152a244f36f01d8d268f0b961d7996c4bdea4a1cf08e62ca6ef277c953f93	https://www.gutenberg.org/cache/epub/2870/pg2870.txt	books_txt/2870.txt
2871	1230313	1a692239966f6f7bd1a9bf56b0a6c246cb2a5eb6e47d6fbb6191bee7127ca3de	https://www.gutenberg.org/cache/epub/2871/pg2871.txt	books_txt/2871.txt
2872	1280316	8a7f2f4e072e2779328244de348d4f97ca2df7f9ecc9ec7d52523c5bb9501019	https://www.gutenberg.org/cache/epub/2872/pg2872.txt	books_txt/2872.txt
2873	1400711	0cac8d880fbef61577e82477005fcde4ffc4936b6f777c2508fd156e79266d1d	https://www.gutenberg.org/cache/epub/2873/pg2873.txt	books_txt/2873.txt
2874	464127	5ea02243e839ee43f27e60d9ac3ddc6a6cae0d5d10dda5ff1663c670c16d9ca7	https://www.gutenberg.org/cache/epub/2874/pg2874.txt	books_txt/2874.txt
2875	420033	1b901a0116d050e890157a0395c1ec6cf552f0b28015e9b0665cfb36d2dcba32	https://www.gutenberg.org/cache/epub/2875/pg2875.txt	books_txt/2875.txt
2876	436544	e4d1c03fe84703b55701a1f19361e67f20abbc946ef94ddc76b7db6ed41367ae	https://www.gutenberg.org/cache/epub/2876/pg2876.txt	books_txt/2876.txt
2878	38434	60c51ca7f5782b3fe836db1629664b23317612480f839751b2f64ef118fe5d42	https://www.gutenberg.org/cache/epub/2878/pg2878.txt	books_txt/2878.txt
2880	103220	c153af89646471f9b61a65c8bcd0b4dc70d948473b0d06a5feabfcb2609fafb4	https://www.gutenberg.org/cache/epub/2880/pg2880.txt	books_txt/2880.txt
2881	840694	1e27ec3fb51cc194dc6c093fc02f87d399d1942a5e34f71fd5c804da42f3a3c1	https://www.gutenberg.org/cache/epub/2881/pg2881.txt	books_txt/2881.txt
2882	709901	782f94f9bf5e3558195dc1b0c6cfce4f91b39b6d6b0d21ca354c12b382ad5d15	https://www.gutenberg.org/cache/epub/2882/pg2882.txt	books_txt/2882.txt
2883	398270	690109a2d5709285f792ca0a839cb7e5a02980b5bc556f1d558a1deafd431989	https://www.gutenberg.org/cache/epub/2883/pg2883.txt	books_txt/2883.txt
2884	383658	b93fb75e9eee8fc506252c9bfbf4698a919e921b322b26b762365858e8483ab2	https://www.gutenberg.org/cache/epub/2884/pg2884.txt	books_txt/2884.txt
2885	478144	e89350c4256f849c8e7b32ab06393a7a30997f764a84c4cf4377c4f53c3906a7	https://www.gutenberg.org/cache/epub/2885/pg2885.txt	books_txt/2885.txt
2886	381066	5a1e8b6854b7edea96e38d774de71e3505f52072437bf97adad32f1b7e50a4c6	https://www.gutenberg.org/cache/epub/2886/pg2886.txt	books_txt/2886.txt
2887	196392	65bf6d9476d05723cda217c4f10adeb4cf11d6df173d57b7247ac3e1b48f7654	https://www.gutenberg.org/cache/epub/2887/pg2887.txt	books_txt/2887.txt
2888	222285	0f5526bfabb8c9d765c47f2c23434ca6399f8a29df763904781a1c5d3e9d2bfa	https://www.gutenberg.org/cache/epub/2888/pg2888.txt	books_txt/2888.txt
2889	346685	04eaabd98102c2c5ea23a7440b27e08d375f7c69012d59a188d247e897041122	https://www.gutenberg.org/cache/epub/2889/pg2889.txt	books_txt/2889.txt
2890	115195	0791af45e53d11bc3673902da984e4253967d787f5321d0ee1f4e848109b8ad0	https://www.gutenberg.org/cache/epub/2890/pg2890.txt	books_txt/2890.txt
2891	665451	5eb70bcf8a299f4a546c84b063b8ac0dad2b177a98d5a8348ee3216bd9c98ffa	https://www.gutenberg.org/cache/epub/2891/pg2891.txt	books_txt/2891.txt
2892	387503	bd0788bb5b3ed758ba3bc470eff6ae25163a2d365ced04dd6ed37b581564573d	https://www.gutenberg.org/cache/epub/2892/pg2892.txt	books_txt/2892.txt
2893	351416	25745c2f5a61c1b70808e8f24cd1f9d48b461b839f99046662fcece01b68e354	https://www.gutenberg.org/cache/epub/2893/pg2893.txt	books_txt/2893.txt
2894	100746	82f6fb9c33f3c1b8b01aee4a1b4d7a8681d694f9a276321dc097b451441a4604	https://www.gutenberg.org/cache/epub/2894/pg2894.txt	books_txt/2894.txt
2895	1125571	42f57a851bd6c950b47e7c1ab2a8d3746055315a76229f4a9ab800210f386c2d	https://www.gutenberg.org/cache/epub/2895/pg2895.txt	books_txt/2895.txt
2896	622505	c580ef20095a351d697a1384f12bbf76067a72c8f3d27c55f5e0b19d919f5bff	https://www.gutenberg.org/cache/epub/2896/pg2896.txt	books_txt/2896.txt
2897	442085	d7be2b32d6954f3e200175033ee8d8d05354c2b1ef0cc8e316c2f9d04690c11b	https://www.gutenberg.org/cache/epub/2897/pg2897.txt	books_txt/2897.txt
2898	317617	51f21955c59078f3e287d05cd45feac53f029bc4c2a4175ff0d2f1dddc96dae0	https://www.gutenberg.org/cache/epub/2898/pg2898.txt	books_txt/2898.txt
2899	304413	7d989576b19f87dbfad975d932e8c46cf1780a842c96f50b7032437a558ddd85	https://www.gutenberg.org/cache/epub/2899/pg2899.txt	books_txt/2899.txt
2900	334789	d0c01888853c9af0f3597f7da4f97792265f539ae0e8f6d0aac5e02a81fa9bd4	https://www.gutenberg.org/cache/epub/2900/pg2900.txt	books_txt/2900.txt
2901	75569	e6a2d2d56c193d3f49f6293f91c82870e87b04e2dc0975f847c8635be1cd099f	https://www.gutenberg.org/cache/epub/2901/pg2901.txt	books_txt/2901.txt
2902	100629	da86442b4a2b8605775c9b70479150a3fa641f838230afc99d6b3a7fdf980765	https://www.gutenberg.org/cache/epub/2902/pg2902.txt	books_txt/2902.txt
2903	115966	0515e5414ac92e9a5f9c8b47049fa2fb475da327e7c85c3c8168b9a88fa810a2	https://www.gutenberg.org/cache/epub/2903/pg2903.txt	books_txt/2903.txt
2904	120784	79a890ddbafbc1ff351fd6f2cbf6d6d5cca3469ea4dd3893bc1b2fedd2260f80	https://www.gutenberg.org/cache/epub/2904/pg2904.txt	books_txt/2904.txt
2905	292571	0ee1420c5fda62ea7bc25819773053fea309c71a2d1847b7017b0e51a0ebbf90	https://www.gutenberg.org/cache/epub/2905/pg2905.txt	books_txt/2905.txt
2906	129059	2e6903242b9079f475a99d4ded85196c65f475d1cc29d77c7308cdfb102070fc	https://www.gutenberg.org/cache/epub/2906/pg2906.txt	books_txt/2906.txt
2907	131117	4ae0e2367629d98aee2c359b44b33a63230dc741262f00fd2fd72b29556e6076	https://www.gutenberg.org/cache/epub/2907/pg2907.txt	books_txt/2907.txt
2908	154932	983cfc6c58fccdb331774b455e229e79a4386645d5fdd9f8e6edc8ad044bee21	https://www.gutenberg.org/cache/epub/2908/pg2908.txt	books_txt/2908.txt
2909	110623	5ab0e05dda4e3e3c9b712e48a9fea5117fe9cab30fc769094fea7941b943b4ff	https://www.gutenberg.org/cache/epub/2909/pg2909.txt	books_txt/2909.txt
2910	56576	f532e1373f5654522582f8f6879334f226950011aaf74b45c5984e3de955f02f	https://www.gutenberg.org/cache/epub/2910/pg2910.txt	books_txt/2910.txt
2911	156438	92b4512c7211151603f44b1315e352d3faee3d317e8e0c4917a468ad632cc4ef	https://www.gutenberg.org/cache/epub/2911/pg2911.txt	books_txt/2911.txt
2912	137190	a3af1c9842bad9d583bbc81f2a6dfc130a8ac02a564d3ae996067c5350ee3114	https://www.gutenberg.org/cache/epub/2912/pg2912.txt	books_txt/2912.txt
2913	123966	f959cb41732d86b86baa55c22fba25a1e0ccac8b0b3245e7a58a05d89464959a	https://www.gutenberg.org/cache/epub/2913/pg2913.txt	books_txt/2913.txt
2914	117155	3c76fe7770c97853a481a369d5e0c2dc7d147233f84a816e9962e974d45ac12e	https://www.gutenberg.org/cache/epub/2914/pg2914.txt	books_txt/2914.txt
2915	122641	93e2251db9df54565219b54be0dd2e708698c4e4eb0da0a0aaff95c84b172c9f	https://www.gutenberg.org/cache/epub/2915/pg2915.txt	books_txt/2915.txt
2916	136469	471b74e098115def373aaa7b27a2be8d6301ea72bcf44a023ea60cf7f55d0e5f	https://www.gutenberg.org/cache/epub/2916/pg2916.txt	books_txt/2916.txt
2917	160743	fd9eb40398a034202085bd961061c88f37f8590c2357b1b83713356b5c7cc539	https://www.gutenberg.org/cache/epub/2917/pg2917.txt	books_txt/2917.txt
2918	61211	c1bf2590412b77881c0357a3d2daadca19e3035b616e7550077e1b2b68fd9d87	https://www.gutenberg.org/cache/epub/2918/pg2918.txt	books_txt/2918.txt
2919	55615	ad1da02a1201e7d8619d5deb344e5b77711118af6dba298ecb01ad964540ed3a	https://www.gutenberg.org/cache/epub/2919/pg2919.txt	books_txt/2919.txt
2920	93299	e50ba6eec52393b89bcaf059f61cbbf5faf0ebfb9bb2cce65309e4b3fe94d957	https://www.gutenberg.org/cache/epub/2920/pg2920.txt	books_txt/2920.txt
2921	59342	fe33f0a921ab32a988c2f45572a6988c024f959958f907ce062a05ef2020ae82	https://www.gutenberg.org/cache/epub/2921/pg2921.txt	books_txt/2921.txt
2922	58122	7a040afec908fe30cd5bac9c09cae2f331f4f98d0227fd161b840f0e4dd332bc	https://www.gutenberg.org/cache/epub/2922/pg2922.txt	books_txt/2922.txt
2923	67600	9929d2381584290b2520945e784aa12e2bb8330be306265cdaf0a474966cd65a	https://www.gutenberg.org/cache/epub/2923/pg2923.txt	books_txt/2923.txt
2924	57198	0a3f970d8aa5315c4394493d07b69cd525e85e5d3d1f64d6f9807029395965c0	https://www.gutenberg.org/cache/epub/2924/pg2924.txt	books_txt/2924.txt
2925	62870	d483f5a22cccaa3076db88fa98c25e52248de94cab30543764492040836208ae	https://www.gutenberg.org/cache/epub/2925/pg2925.txt	books_txt/2925.txt
2926	60925	97328aca3c3395428e2ee389b7f09a4d6d5a9340e645ed2cac2f70beebb98011	https://www.gutenberg.org/cache/epub/2926/pg2926.txt	books_txt/2926.txt
2927	51552	e2a50858c686829df1989c7c2f3a3638224444aefb79cfc5b32315f4f701e00c	https://www.gutenberg.org/cache/epub/2927/pg2927.txt	books_txt/2927.txt
2928	45664	7d5b65853781570f1ed760bd4a14f4d8679631b146f785a979de1b7cd2682824	https://www.gutenberg.org/cache/epub/2928/pg2928.txt	books_txt/2928.txt
2929	105089	fc374bb736a02972206b28f10bd4d0671b5278cd70105160eef055ed8449596e	https://www.gutenberg.org/cache/epub/2929/pg2929.txt	books_txt/2929.txt
2930	60016	c48a260715b405c8ca9d226990d8e4cdbde326075a4525175f28b24eb445fba4	https://www.gutenberg.org/cache/epub/2930/pg2930.txt	books_txt/2930.txt
2931	121748	738fa4cf8b26994174b196fc08cec409425f6dbde0d0cd5c06cb21bd30704e32	https://www.gutenberg.org/cache/epub/2931/pg2931.txt	books_txt/2931.txt
2932	140423	d6cc750c89ae442b51582536d826f58a58d89e5af657629b32dc0258cb160d58	https://www.gutenberg.org/cache/epub/2932/pg2932.txt	books_txt/2932.txt
2933	91406	1ce80ee89a571da9b1b47d3d5e5e6f7b6666440083004d9031dc787263b49428	https://www.gutenberg.org/cache/epub/2933/pg2933.txt	books_txt/2933.txt
2934	53495	a61fda42d9ced6fe0aef36e7e04e5b7c757ccb7fe6e9285efe00d76439e2f791	https://www.gutenberg.org/cache/epub/2934/pg2934.txt	books_txt/2934.txt
2935	67459	51327ac2f3fb4da7453cc5fe071cc1a587fc60d37d80b9ad1b28294bfb3c6bc0	https://www.gutenberg.org/cache/epub/2935/pg2935.txt	books_txt/2935.txt
2936	65962	b4b93f89c088fdf6dca06c918c402f337157948b627fc0680154069cb29ace93	https://www.gutenberg.org/cache/epub/2936/pg2936.txt	books_txt/2936.txt
2937	58514	fba9ca909b412ee7d122fcf29f16b07dcd404ac5779ffef99e7a857346fb5b01	https://www.gutenberg.org/cache/epub/2937/pg2937.txt	books_txt/2937.txt
2938	56783	bab217060ea12a1efd2cb0e0c812c901c3b9b218aac9e4dc03bd7f9b2a21ee19	https://www.gutenberg.org/cache/epub/2938/pg2938.txt	books_txt/2938.txt
2939	65369	02d418c0d0d033bff2f77849213d2e1d317ee2ae86d0d12a3ae2c910cc455940	https://www.gutenberg.org/cache/epub/2939/pg2939.txt	books_txt/2939.txt
2940	604771	cb59647c2f04ea4e9d60ac02af1aeed5b01e6f2945e8fb8027f60bcccae35fd6	https://www.gutenberg.org/cache/epub/2940/pg2940.txt	books_txt/2940.txt
2941	356940	15dad0fdb7c1a197cf817c54475d68f93ededd10b881fc88994aa2dcc9c673ea	https://www.gutenberg.org/cache/epub/2941/pg2941.txt	books_txt/2941.txt
2942	420284	00328e36eb2e81e73dc5657ac815a1ae9ce7cf43f4230939f4afca7fd9ca54ec	https://www.gutenberg.org/cache/epub/2942/pg2942.txt	books_txt/2942.txt
2943	433032	9dfdbd8666e7b3ba921eb663de9249432f2769d98874fc6f42e3d92e8f883469	https://www.gutenberg.org/cache/epub/2943/pg2943.txt	books_txt/2943.txt
2944	439572	5d9d28c12da8bd9aaf3043e9a2d08fbd46116efd5a3736490a393599aef6d278	https://www.gutenberg.org/cache/epub/2944/pg2944.txt	books_txt/2944.txt
2945	352850	2e7eb7281ade2ab623b9e4a790f79ed8e8b25dc1d95d31f9eda4f7a7dc471e6e	https://www.gutenberg.org/cache/epub/2945/pg2945.txt	books_txt/2945.txt
2946	664039	eeee9f6ede8a309cc19594673f58dfb4ad8aa4b145e646a48954e22d790ddbc2	https://www.gutenberg.org/cache/epub/2946/pg2946.txt	books_txt/2946.txt
2947	200480	f30a47ff3265a4b6bd6330702154b3358cdc5a50fc44284a4e25008e7f7f7997	https://www.gutenberg.org/cache/epub/2947/pg2947.txt	books_txt/2947.txt
2948	307875	e13a6c4b61e21a5d704a61eee9fe6eba49118a0b201e23a2e0f6d4bef7523faf	https://www.gutenberg.org/cache/epub/2948/pg2948.txt	books_txt/2948.txt
2949	260259	54fef795b2d51f5de8d76588dac85cd11d396fd016a845b575baa3292e3ca17a	https://www.gutenberg.org/cache/epub/2949/pg2949.txt	books_txt/2949.txt
2950	515857	70ceb012d0b0b6bfcb0197e74d0a552ad49d31db7b6089150b6cefa51a0509a8	https://www.gutenberg.org/cache/epub/2950/pg2950.txt	books_txt/2950.txt
2951	423352	f8840948eb97bf40aab7404df94202649cc45fcd04bef240213171d9ba992238	https://www.gutenberg.org/cache/epub/2951/pg2951.txt	books_txt/2951.txt
2952	338095	cbfd9298ac9df4ed912a36debb74ce1c55de960a8bab4da6ea03d40660b70cd0	https://www.gutenberg.org/cache/epub/2952/pg2952.txt	books_txt/2952.txt
2953	264013	9b6cefcc0e6f301219b8d3182769730e2035a701c628ecffb945f554da9da39f	https://www.gutenberg.org/cache/epub/2953/pg2953.txt	books_txt/2953.txt
2954	220560	4d1b3fed9fe97972806b51a384ed8bf1bee65f10af93ba1a13527f3cafdac2e5	https://www.gutenberg.org/cache/epub/2954/pg2954.txt	books_txt/2954.txt
2955	175037	e7bf7d5abdcd2e1c4a5949fefbcac76dcd11b3ba98edf42b9705c9283886fb6a	https://www.gutenberg.org/cache/epub/2955/pg2955.txt	books_txt/2955.txt
2956	376257	5f421e09647ac62e84fa8d23ecb52cab28b1c6aa9166999c02e83f4c2ee5b9ff	https://www.gutenberg.org/cache/epub/2956/pg2956.txt	books_txt/2956.txt
2957	220029	e7a42b67f42b87598fb7e593d6d8ec177c24e3a9692f46d733de98ebde3dd26a	https://www.gutenberg.org/cache/epub/2957/pg2957.txt	books_txt/2957.txt
2958	198596	575da2efd580d657d32862a8a47e1da51a9f1c84c3c6908acf62b01052d9b9bf	https://www.gutenberg.org/cache/epub/2958/pg2958.txt	books_txt/2958.txt
2959	201126	db0ac697be337777aabdea325dbcb7129cc0d4142c44729269616d76299008e8	https://www.gutenberg.org/cache/epub/2959/pg2959.txt	books_txt/2959.txt
2960	309730	0475f952eb8104f56e24c976bb41730f553e5a2a12221f993724fe32d0eb5aed	https://www.gutenberg.org/cache/epub/2960/pg2960.txt	books_txt/2960.txt
2961	239222	485d64e7b4776f83d1d6701d95cea3b1c0034d2512a3688d8c2d076c87a45153	https://www.gutenberg.org/cache/epub/2961/pg2961.txt	books_txt/2961.txt
2962	275597	1ca8a676b977ee0257ce6f9b2c4433c31a5d200d06aaacdfa39f4aeb011e7e70	https://www.gutenberg.org/cache/epub/2962/pg2962.txt	books_txt/2962.txt
2963	212371	7125f6f4fd6438579a3fdb53e1af49d7f98931c89d7e93c9b9e4e00aff729bcb	https://www.gutenberg.org/cache/epub/2963/pg2963.txt	books_txt/2963.txt
2964	281526	1562b8bd95cd380f19d3c974c49c9b8a5638cfed5c2870a04c841a55ac02dc22	https://www.gutenberg.org/cache/epub/2964/pg2964.txt	books_txt/2964.txt
2965	171547	96a7c2f3616cb62f61810bd05b89338f9d10ca08cb4292d323f152cd6d2d34c7	https://www.gutenberg.org/cache/epub/2965/pg2965.txt	books_txt/2965.txt
2966	176816	f46bac81d42af16cbeeed9d5022cbbd6532c448bd0efb705aa88179053305499	https://www.gutenberg.org/cache/epub/2966/pg2966.txt	books_txt/2966.txt
2967	186276	d87d4e32a7c4e63c636456519f7fc18002d8722dde0d0d321b44614baf159bfe	https://www.gutenberg.org/cache/epub/2967/pg2967.txt	books_txt/2967.txt
2968	241243	067aa07f444f5f44ed11b885943582090fd3dfb15ce307f33efd5aca7fe032bc	https://www.gutenberg.org/cache/epub/2968/pg2968.txt	books_txt/2968.txt
2969	257724	d07f2f64f774ade0ff21fb3ce9d4c06d81524d2f45f3245b9cf2bb69d4bce7f1	https://www.gutenberg.org/cache/epub/2969/pg2969.txt	books_txt/2969.txt
2970	309090	f32d4480b30bd03c76fe218ca27e1cbe6105894f043926e9439dfd1164c15de7	https://www.gutenberg.org/cache/epub/2970/pg2970.txt	books_txt/2970.txt
2971	213586	71ac11c0be6747858a7696aeabeeb5f6c6bbfe5b8f23238c15a9aac8d1ad661e	https://www.gutenberg.org/cache/epub/2971/pg2971.txt	books_txt/2971.txt
2972	274450	ba28d4742c7b4f3bf9b696fb85e3e3d9d474ac837ecd8ffa68a8d3b522539a50	https://www.gutenberg.org/cache/epub/2972/pg2972.txt	books_txt/2972.txt
2973	167919	5eb717385adb0119bec3104219185c4c6c281f40f5ed9e9b5ccfeb2587b94294	https://www.gutenberg.org/cache/epub/2973/pg2973.txt	books_txt/2973.txt
2974	218002	d6da5ba2a6f21e2d0e63376e406ab42033f14a0de1976118876818d28fa8a057	https://www.gutenberg.org/cache/epub/2974/pg2974.txt	books_txt/2974.txt
2975	265193	2031c9847cc7a7c6948d02ee7cc47e97a40a86c7db9cef3969290c64c50283fa	https://www.gutenberg.org/cache/epub/2975/pg2975.txt	books_txt/2975.txt
2976	313056	556c6be81e36f3cb2ac6312a8fe60c6526c99c81c1e500b56ff7beb686f0c6fc	https://www.gutenberg.org/cache/epub/2976/pg2976.txt	books_txt/2976.txt
2977	258319	e264e4c0f12793dd70873db26edae889096831cf696483b8135ff7137863e45b	https://www.gutenberg.org/cache/epub/2977/pg2977.txt	books_txt/2977.txt
2978	268239	5240f71434e00c22a9eae52843833b29b9f236d4f52bfe13a9a59f19544e1f98	https://www.gutenberg.org/cache/epub/2978/pg2978.txt	books_txt/2978.txt
2979	231816	898eb2e00279a828c2c0ada7f9a29ce2b8520fdc9d39a23aec2a5621c59482f9	https://www.gutenberg.org/cache/epub/2979/pg2979.txt	books_txt/2979.txt
2980	138603	371ed12ee032c18346f555a48c626ccacb7cf18b2d6daf2b7ccec246ef2165d6	https://www.gutenberg.org/cache/epub/2980/pg2980.txt	books_txt/2980.txt
2981	6851939	bba8544217c6de2198f0b54b36e578e8c2e14bff36b94529c99022ae526e4493	https://www.gutenberg.org/cache/epub/2981/pg2981.txt	books_txt/2981.txt
